group_key,count,sample_actor_labels,source_folder_path,asset_path,actor_class_path,assembly_signature,render_part_count,total_render_part_count,source_actor_count,unsupported_component_count,unsupported_component_types,risk_flags,suggested_object_type_rid,suggested_object_type_name,hierarchy_path,classification_status,action,notes
assembly_signature:0068adeb80988ed1d76eb75306d390ed,1,Group2136670498,ToMigrateAuditRound4,/Game/AVIC_Show/Art/A03_ParkLevel/0713/Geometries/Line2144964121.Line2144964121,/Script/Engine.Actor,0068adeb80988ed1d76eb75306d390ed,2,2,3,0,,composite_assembly,zhhz.exhibit,展品,展品,confirmed,create_experimental,round4 reviewed group=actor:F72841EA44044929B166A0AD2B986867
assembly_signature:00d8451dc95a9615fde4eaa3f41de00b,1,Group2136669663,ToMigrateAuditRound4,/Game/AVIC_Show/Art/A03_ParkLevel/0713/Geometries/Text228422013.Text228422013,/Script/Engine.Actor,00d8451dc95a9615fde4eaa3f41de00b,3,3,4,0,,composite_assembly,zhhz.exhibit,展品,展品,confirmed,create_experimental,round4 reviewed group=actor:4F1D7C134E2D73288B564FA783D33F12
assembly_signature:0162e59667c48bf900434f70b1822622,1,613_XR,ToMigrateAuditRound4,/Game/AVIC_Show/Art/A03_ParkLevel/0713/Geometries/Box2131642580_2.Box2131642580_2,/Script/Engine.Actor,0162e59667c48bf900434f70b1822622,6,6,7,0,,composite_assembly,zhhz.exhibit,展品,展品,confirmed,create_experimental,round4 reviewed group=actor:D909D6894E8AF1CD1C1D0CA459956C46
assembly_signature:01a65d66788619df5d7485c534c0b458,1,Group-8261284-27-316,ToMigrateAuditRound4,/Game/AVIC_Show/Art/A03_ParkLevel/0713/Geometries/Obj3d66-8261284-146-176.Obj3d66-8261284-146-176,/Script/Engine.Actor,01a65d66788619df5d7485c534c0b458,8,8,9,0,,composite_assembly,zhhz.exhibit,展品,展品,confirmed,create_experimental,round4 reviewed group=actor:6A359ACE4B3E6F7B9E7023BED78871B9
assembly_signature:02157223c6934ecb30973e192632f3f6,1,1_4-033,ToMigrateAuditRound4,/Game/AVIC_Show/Art/A03_ParkLevel/0713/Geometries/Obj3d66-10647471-28-539.Obj3d66-10647471-28-539,/Script/Engine.Actor,02157223c6934ecb30973e192632f3f6,43,43,50,0,,composite_assembly,zhhz.exhibit,展品,展品,confirmed,create_experimental,round4 reviewed group=actor:C0EBBA164D5562AA4A07F787BD5AFC84
assembly_signature:0412f39d019376264558f417b59d3ceb,1,1_4-030,ToMigrateAuditRound4,/Game/AVIC_Show/Art/A03_ParkLevel/0713/Geometries/Obj3d66-10647471-29-364.Obj3d66-10647471-29-364,/Script/Engine.Actor,0412f39d019376264558f417b59d3ceb,43,43,50,0,,composite_assembly,zhhz.exhibit,展品,展品,confirmed,create_experimental,round4 reviewed group=actor:0D19C9B44ADB6FF6CDBF119537FE0761
assembly_signature:0419458ffe144209a032902f301963a4,1,Group2112605406,ToMigrateAuditRound4,/Game/AVIC_Show/Art/A03_ParkLevel/0713/Geometries/ChamferBox005.ChamferBox005,/Script/Engine.Actor,0419458ffe144209a032902f301963a4,3,3,4,0,,composite_assembly,zhhz.exhibit,展品,展品,confirmed,create_experimental,round4 reviewed group=actor:7816C2084A5A55CCC4EC04A6DF5AF93F
assembly_signature:044ca98873e3425f3427f2e60c33c422,1,Group2136670321,ToMigrateAuditRound4,/Game/AVIC_Show/Art/A03_ParkLevel/0713/Geometries/Rectangle2133400674.Rectangle2133400674,/Script/Engine.Actor,044ca98873e3425f3427f2e60c33c422,5,5,6,0,,composite_assembly,zhhz.exhibit,展品,展品,confirmed,create_experimental,round4 reviewed group=actor:BE1A0DB54E954FE682D266B26360895A
assembly_signature:05036fdf2f6cd15822854ae711f84aa5,1,Group2112605289,ToMigrateAuditRound4,/Game/AVIC_Show/Art/A03_ParkLevel/0713/Geometries/Shape65123280.Shape65123280,/Script/Engine.Actor,05036fdf2f6cd15822854ae711f84aa5,2,2,3,0,,composite_assembly,zhhz.exhibit,展品,展品,confirmed,create_experimental,round4 reviewed group=actor:84FAB7784ED9BAFFC1F2329CED726622
assembly_signature:077e90e18914550c9431e051d2eb5f0e,1,Group2136669886,ToMigrateAuditRound4,/Game/AVIC_Show/Art/A03_ParkLevel/0713/Geometries/Obj3d66-17935187-12-632.Obj3d66-17935187-12-632,/Script/Engine.Actor,077e90e18914550c9431e051d2eb5f0e,8,8,9,0,,composite_assembly,zhhz.exhibit,展品,展品,confirmed,create_experimental,round4 reviewed group=actor:B3F0C7EC454AC45F9288DEA01F9AA04C
assembly_signature:08a5b2f459086d55b0a5e006b32ddc62,1,组2142381010,ToMigrateAuditRound4,/Game/AVIC_Show/Art/A03_ParkLevel/0713/Geometries/Object10128940_2.Object10128940_2,/Script/Engine.Actor,08a5b2f459086d55b0a5e006b32ddc62,2,2,3,0,,composite_assembly,zhhz.exhibit,展品,展品,confirmed,create_experimental,round4 reviewed group=actor:1AD6C3D54ED6424522A86D953A373802
assembly_signature:09e9af06b3ea19488c871f8ba345a9a4,1,Group2136670008,ToMigrateAuditRound4,/Game/AVIC_Show/Art/A03_ParkLevel/0713/Geometries/Rectangle2133400436.Rectangle2133400436,/Script/Engine.Actor,09e9af06b3ea19488c871f8ba345a9a4,3,3,4,0,,composite_assembly,zhhz.exhibit,展品,展品,confirmed,create_experimental,round4 reviewed group=actor:DEA448C2412DDBD657B63CABD55533EC
assembly_signature:0ad787d1a548fff828945e271008a370,1,Group2136670531,ToMigrateAuditRound4,/Game/AVIC_Show/Art/A03_ParkLevel/0713/Geometries/Shape1622260084.Shape1622260084,/Script/Engine.Actor,0ad787d1a548fff828945e271008a370,2,2,3,0,,composite_assembly,zhhz.exhibit,展品,展品,confirmed,create_experimental,round4 reviewed group=actor:094B7B874AE715D3D5A9FAB1936A1F53
assembly_signature:0b042142df1a83f38063ce0b2d9aebe1,1,3d66Group186,ToMigrateAuditRound4,/Game/AVIC_Show/Art/A03_ParkLevel/0713/Geometries/3d66-Editable_mesh-23797109-349.3d66-Editable_mesh-23797109-349,/Script/Engine.Actor,0b042142df1a83f38063ce0b2d9aebe1,2,2,3,0,,composite_assembly,zhhz.exhibit,展品,展品,confirmed,create_experimental,round4 reviewed group=actor:C6577AA44470D661069290B5A58183F7
assembly_signature:0c113442b49b9d1880e121b07772c3e4,1,Group2136669691,ToMigrateAuditRound4,/Game/AVIC_Show/Art/A03_ParkLevel/0713/Geometries/Obj3d66-16049182-114-357.Obj3d66-16049182-114-357,/Script/Engine.Actor,0c113442b49b9d1880e121b07772c3e4,130,130,134,0,,composite_assembly,zhhz.exhibit,展品,展品,confirmed,create_experimental,round4 reviewed group=actor:C8BECA8B401327C787F25492FD195089
assembly_signature:0c70c718563a2b2af37399d4470568ee,1,Group2136669702,ToMigrateAuditRound4,/Game/AVIC_Show/Art/A03_ParkLevel/0713/Geometries/Obj3d66-15645877-74-852.Obj3d66-15645877-74-852,/Script/Engine.Actor,0c70c718563a2b2af37399d4470568ee,3,3,4,0,,composite_assembly,zhhz.exhibit,展品,展品,confirmed,create_experimental,round4 reviewed group=actor:3ABF3505491125364C85AF87F34CA45F
assembly_signature:0c8635d008328abc4d2deda41cb07b7c,1,航电/传感器/对抗设备-04,ToMigrateAuditRound4,/Game/AVIC_Show/Art/A03_ParkLevel/0713/Geometries/Circle198713118.Circle198713118,/Script/Engine.Actor,0c8635d008328abc4d2deda41cb07b7c,2,2,3,0,,composite_assembly,zhhz.aircraft_model_equipment,航模设备,航模设备,confirmed,create_experimental,round4 reviewed group=actor:4B1B0417475F5AB92B7F25879F410A67
assembly_signature:0d4c5611e3a20777497bf7327f4805b1,1,Group2136670256,ToMigrateAuditRound4,/Game/AVIC_Show/Art/A03_ParkLevel/AVIC_0706/Geometries/obj_2054.obj_2054,/Script/Engine.Actor,0d4c5611e3a20777497bf7327f4805b1,7,7,8,0,,composite_assembly,zhhz.exhibit,展品,展品,confirmed,create_experimental,round4 reviewed group=actor:F6C46FE34DE261837A01AB8FEC1D8A05
assembly_signature:0f7d61348b79e641b744900754f528b1,1,Group2136669784,ToMigrateAuditRound4,/Game/AVIC_Show/Art/A03_ParkLevel/0713/Geometries/Shape65123407.Shape65123407,/Script/Engine.Actor,0f7d61348b79e641b744900754f528b1,2,2,3,0,,composite_assembly,zhhz.exhibit,展品,展品,confirmed,create_experimental,round4 reviewed group=actor:2BB9454744C21152914808A1FA2923E0
assembly_signature:0fe42f5dd0800c48f97e465bb88962bc,1,Group2136670544,ToMigrateAuditRound4,/Game/AVIC_Show/Art/A03_ParkLevel/0713/Geometries/Text228422401.Text228422401,/Script/Engine.Actor,0fe42f5dd0800c48f97e465bb88962bc,5,5,6,0,,composite_assembly,zhhz.exhibit,展品,展品,confirmed,create_experimental,round4 reviewed group=actor:AD806929471468EAA5F955B8A267B462
assembly_signature:10f2d1b1666b7df80bb5d11b1ef7553d,1,SR023-01,ToMigrateAuditRound4,/Game/AVIC_Show/Art/A03_ParkLevel/0713/Geometries/profondeur001.profondeur001,/Script/Engine.Actor,10f2d1b1666b7df80bb5d11b1ef7553d,206,206,207,0,,composite_assembly,zhhz.aircraft_model_equipment,航模设备,航模设备,confirmed,create_experimental,round4 reviewed group=actor:BAEF52254BB6BED90ABF10B581F1DE1C
assembly_signature:117cd150f14f50aa2661d33ffcf8e910,1,Group2136669684,ToMigrateAuditRound4,/Game/AVIC_Show/Art/A03_ParkLevel/0713/Geometries/Obj3d66-15645877-74-848.Obj3d66-15645877-74-848,/Script/Engine.Actor,117cd150f14f50aa2661d33ffcf8e910,3,3,4,0,,composite_assembly,zhhz.exhibit,展品,展品,confirmed,create_experimental,round4 reviewed group=actor:88E879D0476EA309296F94AD4BD4BA66
assembly_signature:12aadd628737af9f8ec328d9f3b45b9a,1,Group2136670289,ToMigrateAuditRound4,/Game/AVIC_Show/Art/A03_ParkLevel/0713/Geometries/Text228422199.Text228422199,/Script/Engine.Actor,12aadd628737af9f8ec328d9f3b45b9a,4,4,5,0,,composite_assembly,zhhz.exhibit,展品,展品,confirmed,create_experimental,round4 reviewed group=actor:AAD3AF144C283A96DBB72F933866D827
assembly_signature:12f691bb54f7ee5404cb53527741fb7f,1,Group2136670009,ToMigrateAuditRound4,/Game/AVIC_Show/Art/A03_ParkLevel/0713/Geometries/Box2131643320.Box2131643320,/Script/Engine.Actor,12f691bb54f7ee5404cb53527741fb7f,3,3,4,0,,composite_assembly,zhhz.exhibit,展品,展品,confirmed,create_experimental,round4 reviewed group=actor:BFDEAA5948513181326236A37E11EC09
assembly_signature:13de0fe5f141e17332ee90ef73f73953,1,3d66Group103,ToMigrateAuditRound4,/Game/AVIC_Show/Art/A03_ParkLevel/0713/Geometries/3d66-Editable_mesh-30914087-031.3d66-Editable_mesh-30914087-031,/Script/Engine.Actor,13de0fe5f141e17332ee90ef73f73953,2,2,3,0,,composite_assembly,zhhz.exhibit,展品,展品,confirmed,create_experimental,round4 reviewed group=actor:6934E78C4E4634999D420483BE19550C
assembly_signature:1403d7ebd9edb10961e36135500694fd,1,Group2136669693,ToMigrateAuditRound4,/Game/AVIC_Show/Art/A03_ParkLevel/0713/Geometries/Obj3d66-15645877-68-526.Obj3d66-15645877-68-526,/Script/Engine.Actor,1403d7ebd9edb10961e36135500694fd,3,3,4,0,,composite_assembly,zhhz.exhibit,展品,展品,confirmed,create_experimental,round4 reviewed group=actor:C35107D040DE1C9EA1CC0D8F37A85AAF
assembly_signature:14bf9d8a57392786222cfa68ece141e0,1,3d66Group102,ToMigrateAuditRound4,/Game/AVIC_Show/Art/A03_ParkLevel/0713/Geometries/3d66-Editable_mesh-23797109-182.3d66-Editable_mesh-23797109-182,/Script/Engine.Actor,14bf9d8a57392786222cfa68ece141e0,2,2,3,0,,composite_assembly,zhhz.exhibit,展品,展品,confirmed,create_experimental,round4 reviewed group=actor:E3C4DE1F4C7C55F779089C92EE1E8137
assembly_signature:1508a9115c928122ba489a6f09d7a910,1,1_4-032,ToMigrateAuditRound4,/Game/AVIC_Show/Art/A03_ParkLevel/0713/Geometries/Obj3d66-10647471-17-595.Obj3d66-10647471-17-595,/Script/Engine.Actor,1508a9115c928122ba489a6f09d7a910,43,43,50,0,,composite_assembly,zhhz.exhibit,展品,展品,confirmed,create_experimental,round4 reviewed group=actor:40F5B9E84A32A17B75D085AE2BEEB6E6
assembly_signature:152b6fc84dc759de9ffcb92a8e6121b1,1,zhu,ToMigrateAuditRound4,/Game/AVIC_Show/Art/A03_ParkLevel/0713/Geometries/Rectangle2059404444.Rectangle2059404444,/Script/Engine.Actor,152b6fc84dc759de9ffcb92a8e6121b1,3,3,4,0,,composite_assembly,zhhz.exhibit,展品,展品,confirmed,create_experimental,round4 reviewed group=actor:1EB403034F0A08CB43C998B192333AE4
assembly_signature:15b5118ab8d194bff8c18d4cff7f0f3b,1,Group2136669723,ToMigrateAuditRound4,/Game/AVIC_Show/Art/A03_ParkLevel/0713/Geometries/Obj3d66-17935187-10-579.Obj3d66-17935187-10-579,/Script/Engine.Actor,15b5118ab8d194bff8c18d4cff7f0f3b,11,11,12,0,,composite_assembly,zhhz.exhibit,展品,展品,confirmed,create_experimental,round4 reviewed group=actor:5B59F9254DF64CD32BC9E88B9D273793
assembly_signature:16f0c74e3e22951e4e80a092b2f14e1c,1,Group2136669891,ToMigrateAuditRound4,/Game/AVIC_Show/Art/A03_ParkLevel/0713/Geometries/Object10128930.Object10128930,/Script/Engine.Actor,16f0c74e3e22951e4e80a092b2f14e1c,2,2,3,0,,composite_assembly,zhhz.exhibit,展品,展品,confirmed,create_experimental,round4 reviewed group=actor:53F2278C47716E1CD12E7F922123F885
assembly_signature:1735a34293f0499ce7c35e9f83dea37b,1,Group2136669857,ToMigrateAuditRound4,/Game/AVIC_Show/Art/A03_ParkLevel/AVIC_0706/Geometries/Shape1622260050.Shape1622260050,/Script/Engine.Actor,1735a34293f0499ce7c35e9f83dea37b,1,1,2,0,,,zhhz.exhibit,展品,展品,confirmed,create_experimental,round4 reviewed group=actor:EDEBBB8645EB523F632DA5903E2F7391
assembly_signature:175d828713a1e68ef3ff746f0b7737fc,1,Group2136669890,ToMigrateAuditRound4,/Game/AVIC_Show/Art/A03_ParkLevel/0713/Geometries/Line2144961773.Line2144961773,/Script/Engine.Actor,175d828713a1e68ef3ff746f0b7737fc,2,2,3,0,,composite_assembly,zhhz.exhibit,展品,展品,confirmed,create_experimental,round4 reviewed group=actor:F64B00364CA848E8DA7FC3A14B634FEF
assembly_signature:176dc795e9dde258cbcd958ab46ac8eb,1,Group2136669756,ToMigrateAuditRound4,/Game/AVIC_Show/Art/A03_ParkLevel/0713/Geometries/Shape1622260044.Shape1622260044,/Script/Engine.Actor,176dc795e9dde258cbcd958ab46ac8eb,1,1,2,0,,,zhhz.exhibit,展品,展品,confirmed,create_experimental,round4 reviewed group=actor:46ED2D5F40E0DC23220DA3B5F406F380
assembly_signature:181c2fc88d1c53920f2aa3f57074b875,1,GW007,ToMigrateAuditRound4,/Game/AVIC_Show/Art/A03_ParkLevel/0713/Geometries/Plane1239.Plane1239,/Script/Engine.Actor,181c2fc88d1c53920f2aa3f57074b875,2,2,3,0,,composite_assembly,zhhz.decorative_wall,装饰墙,建筑附属设施,confirmed,create_experimental,round4 reviewed group=actor:4FB6CD6C4FCB96D87A0AD19E1C19D5E7
assembly_signature:18e106209c4d975ff21d2437cbf32a36,1,座舱/模拟训练系统-01,ToMigrateAuditRound4,/Game/AVIC_Show/Art/A03_ParkLevel/AVIC_0706/Geometries/Obj3d66-9556484-5-139.Obj3d66-9556484-5-139,/Script/Engine.Actor,18e106209c4d975ff21d2437cbf32a36,23,23,24,0,,composite_assembly,zhhz.aircraft_model_equipment,航模设备,航模设备,confirmed,create_experimental,round4 reviewed group=actor:EC60C72E433BB76E5C6E628B20F4C3F7
assembly_signature:1902fc575c9d423cf253c5b68d79b9e5,1,Group2136670137,ToMigrateAuditRound4,/Game/AVIC_Show/Art/A03_ParkLevel/0713/Geometries/Shape1622260068.Shape1622260068,/Script/Engine.Actor,1902fc575c9d423cf253c5b68d79b9e5,2,2,3,0,,composite_assembly,zhhz.exhibit,展品,展品,confirmed,create_experimental,round4 reviewed group=actor:70800B334CA36B3BD6257FA171AD3AC5
assembly_signature:196d2dc3138504719579116781e772d6,1,Group2136670369,ToMigrateAuditRound4,/Game/AVIC_Show/Art/A03_ParkLevel/0713/Geometries/Shape1622260073.Shape1622260073,/Script/Engine.Actor,196d2dc3138504719579116781e772d6,2,2,3,0,,composite_assembly,zhhz.exhibit,展品,展品,confirmed,create_experimental,round4 reviewed group=actor:6F3EDA34455F61C09F39FB86809BB03A
assembly_signature:1998baf3f4224614adc75e0ac519350d,1,Group-16049182-80-035,ToMigrateAuditRound4,/Game/AVIC_Show/Art/A03_ParkLevel/AVIC_0706/Geometries/Obj3d66-16049182-878-065.Obj3d66-16049182-878-065,/Script/Engine.Actor,1998baf3f4224614adc75e0ac519350d,31,31,41,0,,composite_assembly,zhhz.exhibit,展品,展品,confirmed,create_experimental,round4 reviewed group=actor:57A010C546F866F028E06C9D6B736088
assembly_signature:19d5a78e0df27a64ebf238ccc371fbe5,1,Group-16049182-80-043,ToMigrateAuditRound4,/Game/AVIC_Show/Art/A03_ParkLevel/AVIC_0706/Geometries/Obj3d66-16049182-873-986.Obj3d66-16049182-873-986,/Script/Engine.Actor,19d5a78e0df27a64ebf238ccc371fbe5,31,31,41,0,,composite_assembly,zhhz.exhibit,展品,展品,confirmed,create_experimental,round4 reviewed group=actor:5869DF8D4C2B73FE3C1BEFBCCB27838B
assembly_signature:1a4945ee62872b3293b50f13e9623f4c,1,Group2136670029,ToMigrateAuditRound4,/Game/AVIC_Show/Art/A03_ParkLevel/0713/Geometries/Cone276.Cone276,/Script/Engine.Actor,1a4945ee62872b3293b50f13e9623f4c,3,3,4,0,,composite_assembly,zhhz.exhibit,展品,展品,confirmed,create_experimental,round4 reviewed group=actor:55EA272A41391E6D19FB7FBBF6117143
assembly_signature:1a92c195280b5449a938d41c1a1d69f6,1,Group2136670504,ToMigrateAuditRound4,/Game/AVIC_Show/Art/A03_ParkLevel/0713/Geometries/Line2144964122.Line2144964122,/Script/Engine.Actor,1a92c195280b5449a938d41c1a1d69f6,2,2,3,0,,composite_assembly,zhhz.exhibit,展品,展品,confirmed,create_experimental,round4 reviewed group=actor:0F6A1EA64AB8A24B92998189A01CA7F6
assembly_signature:1b111b1144cf73e080c101ce4a93edfa,1,Group2136669689,ToMigrateAuditRound4,/Game/AVIC_Show/Art/A03_ParkLevel/0713/Geometries/Obj3d66-15645877-72-455.Obj3d66-15645877-72-455,/Script/Engine.Actor,1b111b1144cf73e080c101ce4a93edfa,1,1,2,0,,,zhhz.exhibit,展品,展品,confirmed,create_experimental,round4 reviewed group=actor:E584DD734927EE696F2271845764F9FF
assembly_signature:1be6bda32f61565498234fc5af7abbe5,1,座舱/模拟训练系统-04,ToMigrateAuditRound4,/Game/AVIC_Show/Art/A03_ParkLevel/AVIC_0706/Geometries/Archmodels70_020_037.Archmodels70_020_037,/Script/Engine.Actor,1be6bda32f61565498234fc5af7abbe5,7,7,8,0,,composite_assembly,zhhz.aircraft_model_equipment,航模设备,航模设备,confirmed,create_experimental,round4 reviewed group=actor:430B4EEE4A8BE6428699ACA650ACD487
assembly_signature:1bf7127db3953ff4f12356f177969515,1,Group2136669706,ToMigrateAuditRound4,/Game/AVIC_Show/Art/A03_ParkLevel/0713/Geometries/Line2144963786.Line2144963786,/Script/Engine.Actor,1bf7127db3953ff4f12356f177969515,11,11,12,0,,composite_assembly,zhhz.exhibit,展品,展品,confirmed,create_experimental,round4 reviewed group=actor:2FD847394991A159E7B373B64AA23E7F
assembly_signature:1e18075b504c6ec42074626273947b14,1,国旗司旗001-01,ToMigrateAuditRound4,/Game/AVIC_Show/Art/A03_ParkLevel/0713/Geometries/Obj3d66-628807-19-700.Obj3d66-628807-19-700,/Script/Engine.Actor,1e18075b504c6ec42074626273947b14,9,9,13,0,,composite_assembly,zhhz.exhibit_fixture,展陈装置,展陈装置,confirmed,create_experimental,round4 reviewed group=actor:D5CF95EF44B38FCCF8DCFFBB724C85E9
assembly_signature:1e887c4d294cdb239ad9ddd8ccd54a80,1,Group2136670551,ToMigrateAuditRound4,/Game/AVIC_Show/Art/A03_ParkLevel/0713/Geometries/Text228422405.Text228422405,/Script/Engine.Actor,1e887c4d294cdb239ad9ddd8ccd54a80,5,5,6,0,,composite_assembly,zhhz.exhibit,展品,展品,confirmed,create_experimental,round4 reviewed group=actor:F5C5BD6F4C600663F45D099B59104680
assembly_signature:1f9bbd3f0b4d1c25afed7445701ccb4b,1,军贸一体化维保,ToMigrateAuditRound4,/Game/AVIC_Show/Art/A03_ParkLevel/0713/Geometries/Box2131643792.Box2131643792,/Script/Engine.Actor,1f9bbd3f0b4d1c25afed7445701ccb4b,4,4,5,0,,composite_assembly,zhhz.exhibit,展品,展品,confirmed,create_experimental,round4 reviewed group=actor:816A0506422CE84CD874908DDF7C7FC3
assembly_signature:201a25d62e8ebfaf1307a8d082d7f1bf,1,Group2136669709,ToMigrateAuditRound4,/Game/AVIC_Show/Art/A03_ParkLevel/0713/Geometries/Cylinder32237273_2.Cylinder32237273_2,/Script/Engine.Actor,201a25d62e8ebfaf1307a8d082d7f1bf,15,15,16,0,,composite_assembly,zhhz.exhibit,展品,展品,confirmed,create_experimental,round4 reviewed group=actor:369C0A2A42C649DC421421AA85828E5E
assembly_signature:2078c4eac519f2c34d8ee656fd7f5c40,1,3d66Group106,ToMigrateAuditRound4,/Game/AVIC_Show/Art/A03_ParkLevel/0713/Geometries/3d66diban-086.3d66diban-086,/Script/Engine.Actor,2078c4eac519f2c34d8ee656fd7f5c40,3,3,4,0,,composite_assembly,zhhz.exhibit,展品,展品,confirmed,create_experimental,round4 reviewed group=actor:91511E2F446E2337194E1A9944DE1EEC
assembly_signature:20dab53ebbd661d6774c8a7af6155c0e,1,Group2136670529,ToMigrateAuditRound4,/Game/AVIC_Show/Art/A03_ParkLevel/0713/Geometries/Shape1622260064.Shape1622260064,/Script/Engine.Actor,20dab53ebbd661d6774c8a7af6155c0e,2,2,3,0,,composite_assembly,zhhz.exhibit,展品,展品,confirmed,create_experimental,round4 reviewed group=actor:2847DC804A0C10DCA147679C2CDF5802
assembly_signature:2270ca419669bcaaf2bfd4ccd8f334e1,1,IOE¾EA_18-09,ToMigrateAuditRound4,/Game/AVIC_Show/Art/A03_ParkLevel/0713/Geometries/I¹I¨-A­Ei1.I¹I¨-A­Ei1,/Script/Engine.Actor,2270ca419669bcaaf2bfd4ccd8f334e1,1,1,2,0,,,zhhz.aircraft_model_equipment,航模设备,航模设备,confirmed,create_experimental,round4 reviewed group=actor:5D8234FF4162FBFB539D4581605DA7ED
assembly_signature:22d9ada9719cbc96dfa0a3364b870299,1,GS-2,ToMigrateAuditRound4,/Game/AVIC_Show/Art/A03_ParkLevel/0713/Geometries/Obj3d66-18249985-3-378.Obj3d66-18249985-3-378,/Script/Engine.Actor,22d9ada9719cbc96dfa0a3364b870299,2,2,3,0,,composite_assembly,zhhz.exhibit,展品,展品,confirmed,create_experimental,round4 reviewed group=actor:3E404C82427C1BEA5944358A8B197706
assembly_signature:230632c4941e28842d196e60d9f0022b,1,智慧云航展-03,ToMigrateAuditRound4,/Game/AVIC_Show/Art/A03_ParkLevel/0713/Geometries/Arc533.Arc533,/Script/Engine.Actor,230632c4941e28842d196e60d9f0022b,9,9,14,0,,composite_assembly,zhhz.exhibit_fixture,展陈装置,展陈装置,confirmed,create_experimental,round4 reviewed group=actor:0281F7EB4C26C18154F2A3A27C8FD7F5
assembly_signature:239e15f0a5530410b50fdcbbafecb1a1,1,Group2112605299,ToMigrateAuditRound4,/Game/AVIC_Show/Art/A03_ParkLevel/AVIC_0706/Geometries/obj_773.obj_773,/Script/Engine.Actor,239e15f0a5530410b50fdcbbafecb1a1,7,7,8,0,,composite_assembly,zhhz.exhibit,展品,展品,confirmed,create_experimental,round4 reviewed group=actor:CC1BF75049852151618440B3AB253B4F
assembly_signature:23dc898964b509c2b7ffef8497b893e5,1,Group2136670025,ToMigrateAuditRound4,/Game/AVIC_Show/Art/A03_ParkLevel/0713/Geometries/ChamferBox033.ChamferBox033,/Script/Engine.Actor,23dc898964b509c2b7ffef8497b893e5,4,4,5,0,,composite_assembly,zhhz.exhibit,展品,展品,confirmed,create_experimental,round4 reviewed group=actor:34F0F6C549633B3136B1BEB6D3A64274
assembly_signature:269a7e41ec216bd9f1c75cdb52736940,1,Group2136670260,ToMigrateAuditRound4,/Game/AVIC_Show/Art/A03_ParkLevel/AVIC_0706/Geometries/obj_2055.obj_2055,/Script/Engine.Actor,269a7e41ec216bd9f1c75cdb52736940,7,7,8,0,,composite_assembly,zhhz.exhibit,展品,展品,confirmed,create_experimental,round4 reviewed group=actor:B9D481D649A16B9BCF1CAD99E804B3F8
assembly_signature:26c5b358f7c33a9080bbabbe10a1b893,1,3d66Group195,ToMigrateAuditRound4,/Game/AVIC_Show/Art/A03_ParkLevel/0713/Geometries/3d66-Editable_mesh-23797109-367.3d66-Editable_mesh-23797109-367,/Script/Engine.Actor,26c5b358f7c33a9080bbabbe10a1b893,2,2,3,0,,composite_assembly,zhhz.exhibit,展品,展品,confirmed,create_experimental,round4 reviewed group=actor:417156364E05CC39278982A3505F332F
assembly_signature:26d8d5d8abcb98e6156fe4ac5621aebb,1,Group2136670543,ToMigrateAuditRound4,/Game/AVIC_Show/Art/A03_ParkLevel/0713/Geometries/Text228422402.Text228422402,/Script/Engine.Actor,26d8d5d8abcb98e6156fe4ac5621aebb,5,5,6,0,,composite_assembly,zhhz.exhibit,展品,展品,confirmed,create_experimental,round4 reviewed group=actor:5E5913994C58E8D45C3CEBA8E29D0C18
assembly_signature:27ba359099eac461c5f8cd771a0121fe,1,Group2136669728,ToMigrateAuditRound4,/Game/AVIC_Show/Art/A03_ParkLevel/0713/Geometries/ChamferBox059.ChamferBox059,/Script/Engine.Actor,27ba359099eac461c5f8cd771a0121fe,2,2,3,0,,composite_assembly,zhhz.exhibit,展品,展品,confirmed,create_experimental,round4 reviewed group=actor:827734C844008F0ACDFE59A8F11557FB
assembly_signature:28346acb70fa394cb5129ebee4d8be62,1,Group2136670005,ToMigrateAuditRound4,/Game/AVIC_Show/Art/A03_ParkLevel/AVIC_0706/Geometries/3d66-Editable_Poly-23797109-011.3d66-Editable_Poly-23797109-011,/Script/Engine.Actor,28346acb70fa394cb5129ebee4d8be62,27,27,31,0,,composite_assembly,zhhz.exhibit,展品,展品,confirmed,create_experimental,round4 reviewed group=actor:B280D8254E971173B9CE908C083504C0
assembly_signature:2971a3140f639fc6e40956e957501fd7,1,3d66Group091,ToMigrateAuditRound4,/Game/AVIC_Show/Art/A03_ParkLevel/0713/Geometries/3d66-Editable_Poly-30914087-059.3d66-Editable_Poly-30914087-059,/Script/Engine.Actor,2971a3140f639fc6e40956e957501fd7,3,3,4,0,,composite_assembly,zhhz.exhibit,展品,展品,confirmed,create_experimental,round4 reviewed group=actor:1DB7A7DE4D3F7E0556CC539CDF7398EE
assembly_signature:29849a93db36762d09376c4f7611557d,1,Group2136669694,ToMigrateAuditRound4,/Game/AVIC_Show/Art/A03_ParkLevel/0713/Geometries/Obj3d66-16049182-114-359.Obj3d66-16049182-114-359,/Script/Engine.Actor,29849a93db36762d09376c4f7611557d,130,130,134,0,,composite_assembly,zhhz.exhibit,展品,展品,confirmed,create_experimental,round4 reviewed group=actor:623A184846384AAA06694FBD7B973880
assembly_signature:2a1189cb31346393b8b1d51d7d1fce4c,1,Group-8261284-29-295,ToMigrateAuditRound4,/Game/AVIC_Show/Art/A03_ParkLevel/0713/Geometries/Obj3d66-8261284-157-366.Obj3d66-8261284-157-366,/Script/Engine.Actor,2a1189cb31346393b8b1d51d7d1fce4c,2,2,3,0,,composite_assembly,zhhz.exhibit,展品,展品,confirmed,create_experimental,round4 reviewed group=actor:AE6FA17D4424E09AB6602399DB6C8B27
assembly_signature:2ae910f7d98e144a9f9a564842e06851,1,Group2136670520,ToMigrateAuditRound4,/Game/AVIC_Show/Art/A03_ParkLevel/0713/Geometries/Box2131643771.Box2131643771,/Script/Engine.Actor,2ae910f7d98e144a9f9a564842e06851,3,3,4,0,,composite_assembly,zhhz.exhibit,展品,展品,confirmed,create_experimental,round4 reviewed group=actor:66A7AB5F4B69D09E79A3128692F4CEDC
assembly_signature:2ba1cb291f190c466eb7fb7cb91b1117,1,Group2136670026,ToMigrateAuditRound4,/Game/AVIC_Show/Art/A03_ParkLevel/0713/Geometries/Cone269.Cone269,/Script/Engine.Actor,2ba1cb291f190c466eb7fb7cb91b1117,3,3,4,0,,composite_assembly,zhhz.exhibit,展品,展品,confirmed,create_experimental,round4 reviewed group=actor:D5A223BA4E6E7DBA557E60A99E0FD957
assembly_signature:2fac94b7e103fe0367bde60af389aa93,1,Group2136669720,ToMigrateAuditRound4,/Game/AVIC_Show/Art/A03_ParkLevel/0713/Geometries/Obj3d66-14077185-3-62.Obj3d66-14077185-3-62,/Script/Engine.Actor,2fac94b7e103fe0367bde60af389aa93,2,2,3,0,,composite_assembly,zhhz.exhibit,展品,展品,confirmed,create_experimental,round4 reviewed group=actor:AB1B55134BFFB02CB210BDB418093506
assembly_signature:328e9260a2312b6f286542caaf8a5754,1,25V,ToMigrateAuditRound4,/Game/AVIC_Show/Art/A03_ParkLevel/0713/Geometries/Rectangle2133400830.Rectangle2133400830,/Script/Engine.Actor,328e9260a2312b6f286542caaf8a5754,11,11,12,0,,composite_assembly,zhhz.exhibit,展品,展品,confirmed,create_experimental,round4 reviewed group=actor:08315E8A4AFD557D06481F8D04057C05
assembly_signature:33bb60a6ca22e9eef1c7c6b67bd31643,1,Group2136670542,ToMigrateAuditRound4,/Game/AVIC_Show/Art/A03_ParkLevel/0713/Geometries/Rectangle2133400840.Rectangle2133400840,/Script/Engine.Actor,33bb60a6ca22e9eef1c7c6b67bd31643,5,5,6,0,,composite_assembly,zhhz.exhibit,展品,展品,confirmed,create_experimental,round4 reviewed group=actor:975962F648B7693C65B029B480B5A2C7
assembly_signature:356d4ec5c73a35a1dbf63fb8543c79c8,1,Group2136670028,ToMigrateAuditRound4,/Game/AVIC_Show/Art/A03_ParkLevel/0713/Geometries/Cone275.Cone275,/Script/Engine.Actor,356d4ec5c73a35a1dbf63fb8543c79c8,2,2,3,0,,composite_assembly,zhhz.exhibit,展品,展品,confirmed,create_experimental,round4 reviewed group=actor:0D4AA92C493E9E3A52FF31B6CAF04EBF
assembly_signature:3720d8d5273db3efa2b24ca7e7d68f5d,1,GW009,ToMigrateAuditRound4,/Game/AVIC_Show/Art/A03_ParkLevel/0713/Geometries/Plane1244.Plane1244,/Script/Engine.Actor,3720d8d5273db3efa2b24ca7e7d68f5d,2,2,3,0,,composite_assembly,zhhz.decorative_wall,装饰墙,建筑附属设施,confirmed,create_experimental,round4 reviewed group=actor:83D97B3D4994660B17EAAEAD95F39738
assembly_signature:37743218575a0599f4713f6376f1f544,1,Group2136669695,ToMigrateAuditRound4,/Game/AVIC_Show/Art/A03_ParkLevel/0713/Geometries/Obj3d66-16049182-114-360.Obj3d66-16049182-114-360,/Script/Engine.Actor,37743218575a0599f4713f6376f1f544,130,130,134,0,,composite_assembly,zhhz.exhibit,展品,展品,confirmed,create_experimental,round4 reviewed group=actor:EFF0C0374E887859CAAABE8660DB63F2
assembly_signature:38035766ebac1a0370e2de188de2a431,1,Group2136669275,ToMigrateAuditRound4,/Game/AVIC_Show/Art/A03_ParkLevel/0713/Geometries/Text228421997.Text228421997,/Script/Engine.Actor,38035766ebac1a0370e2de188de2a431,5,5,6,0,,composite_assembly,zhhz.exhibit,展品,展品,confirmed,create_experimental,round4 reviewed group=actor:06CA230D4DC0877C5A195E9A08E2F3C4
assembly_signature:38a282208c7785e2a482d292fb58bcdc,1,Group2136670524,ToMigrateAuditRound4,/Game/AVIC_Show/Art/A03_ParkLevel/0713/Geometries/Rectangle2106823800.Rectangle2106823800,/Script/Engine.Actor,38a282208c7785e2a482d292fb58bcdc,20,20,24,0,,composite_assembly,zhhz.exhibit,展品,展品,confirmed,create_experimental,round4 reviewed group=actor:EB73EFF8418FD621963B99BBD4C6F345
assembly_signature:396d48f05e2dc51c98031fdfc889c097,10,132-015 | 132-014 | 132-023 | 132-016 | 132-022 | 132-021 | 132-018 | 132-017 | 132-019 | 132-020,ToMigrateAuditRound4,/Game/AVIC_Show/Art/A03_ParkLevel/AVIC_0706/Geometries/Obj3d66-15586797-56-643.Obj3d66-15586797-56-643,/Script/Engine.Actor,396d48f05e2dc51c98031fdfc889c097,24,240,290,0,,composite_assembly,zhhz.exhibit,展品,展品,confirmed,create_experimental,round4 reviewed group=actor:0541EE7F4B93A8867C5A7CB5CB0C2204
assembly_signature:39c32f086f61fd28c4306e9e462de90f,1,GW001,ToMigrateAuditRound4,/Game/AVIC_Show/Art/A03_ParkLevel/0713/Geometries/Plane1230.Plane1230,/Script/Engine.Actor,39c32f086f61fd28c4306e9e462de90f,2,2,3,0,,composite_assembly,zhhz.decorative_wall,装饰墙,建筑附属设施,confirmed,create_experimental,round4 reviewed group=actor:5FC4D250483C8A66A89B988254680C5E
assembly_signature:3a29d729a6e78e3dc4ba4da344619e81,1,SR22-02,ToMigrateAuditRound4,/Game/AVIC_Show/Art/A03_ParkLevel/0713/Geometries/warning01_on.warning01_on,/Script/Engine.Actor,3a29d729a6e78e3dc4ba4da344619e81,206,206,207,0,,composite_assembly,zhhz.aircraft_model_equipment,航模设备,航模设备,confirmed,create_experimental,round4 reviewed group=actor:387D8D374FFD6905900124B37E729EE2
assembly_signature:3a8a52c89b7b370940e0f03b0b99d723,1,1_4-028,ToMigrateAuditRound4,/Game/AVIC_Show/Art/A03_ParkLevel/0713/Geometries/Capsule247.Capsule247,/Script/Engine.Actor,3a8a52c89b7b370940e0f03b0b99d723,43,43,50,0,,composite_assembly,zhhz.exhibit,展品,展品,confirmed,create_experimental,round4 reviewed group=actor:34D18FB84ED5E707E2F88ABD6BFA419F
assembly_signature:3a9421528a5ec1d9f02152e8862cd563,1,Group2136669692,ToMigrateAuditRound4,/Game/AVIC_Show/Art/A03_ParkLevel/0713/Geometries/Obj3d66-16049182-270-131.Obj3d66-16049182-270-131,/Script/Engine.Actor,3a9421528a5ec1d9f02152e8862cd563,130,130,134,0,,composite_assembly,zhhz.exhibit,展品,展品,confirmed,create_experimental,round4 reviewed group=actor:064D0912486B8ABF2BD3968E04399A5E
assembly_signature:3b52c66b885ea27fc28ccddf1ccd9434,1,Group2136670039,ToMigrateAuditRound4,/Game/AVIC_Show/Art/A03_ParkLevel/0713/Geometries/Line2144961805.Line2144961805,/Script/Engine.Actor,3b52c66b885ea27fc28ccddf1ccd9434,10,10,14,0,,composite_assembly,zhhz.exhibit,展品,展品,confirmed,create_experimental,round4 reviewed group=actor:B0453EEA4E62B61EC5422285239E8599
assembly_signature:3c5449a2d72dbd7cde0fd48516eb4030,1,Group-402577-665,ToMigrateAuditRound4,/Game/AVIC_Show/Art/A03_ParkLevel/AVIC_0706/Geometries/Obj3d66-402577-10-254.Obj3d66-402577-10-254,/Script/Engine.Actor,3c5449a2d72dbd7cde0fd48516eb4030,118,118,119,0,,composite_assembly,zhhz.exhibit,展品,展品,confirmed,create_experimental,round4 reviewed group=actor:82752F1448F7433523D2018C04BC4F07
assembly_signature:3eb0b049d59e0ac1b75bef9fae4ae5ea,1,Group2136670047,ToMigrateAuditRound4,/Game/AVIC_Show/Art/A03_ParkLevel/0713/Geometries/Shape1622260061.Shape1622260061,/Script/Engine.Actor,3eb0b049d59e0ac1b75bef9fae4ae5ea,2,2,3,0,,composite_assembly,zhhz.exhibit,展品,展品,confirmed,create_experimental,round4 reviewed group=actor:FA1DC0BA4E09BAA79122AA8263D2DC8B
assembly_signature:3ef3c39997bda4064a7d662b3ef956d6,1,IPEE»uOi_13-12,ToMigrateAuditRound4,/Game/AVIC_Show/Art/A03_ParkLevel/0713/Geometries/O²½C1_3.O²½C1_3,/Script/Engine.Actor,3ef3c39997bda4064a7d662b3ef956d6,3,3,4,0,,composite_assembly,zhhz.aircraft_model_equipment,航模设备,航模设备,confirmed,create_experimental,round4 reviewed group=actor:7DC3AA624697AA7DBC1C8EB49DD2D97C
assembly_signature:3f0daeba6a2bcfecea76d4ce3ce4f821,1,Group2136670061,ToMigrateAuditRound4,/Game/AVIC_Show/Art/A03_ParkLevel/0713/Geometries/Obj3d66-15586797-53-542.Obj3d66-15586797-53-542,/Script/Engine.Actor,3f0daeba6a2bcfecea76d4ce3ce4f821,3,3,4,0,,composite_assembly,zhhz.exhibit,展品,展品,confirmed,create_experimental,round4 reviewed group=actor:FEB8DBA84CA9F04E99B9058AB204AD42
assembly_signature:4092efa9afedcd358199b51748302995,1,Group2136669714,ToMigrateAuditRound4,/Game/AVIC_Show/Art/A03_ParkLevel/0713/Geometries/Cylinder32237322.Cylinder32237322,/Script/Engine.Actor,4092efa9afedcd358199b51748302995,15,15,16,0,,composite_assembly,zhhz.exhibit,展品,展品,confirmed,create_experimental,round4 reviewed group=actor:7B6703FD46A6EC97961C6A8E2F6B97FE
assembly_signature:4166d50664893761aa8326042dcfddd7,1,Group2136670528,ToMigrateAuditRound4,/Game/AVIC_Show/Art/A03_ParkLevel/0713/Geometries/Obj3d66-10465130-62-789.Obj3d66-10465130-62-789,/Script/Engine.Actor,4166d50664893761aa8326042dcfddd7,105,105,106,0,,composite_assembly,zhhz.exhibit,展品,展品,confirmed,create_experimental,round4 reviewed group=actor:EA5CD1A947720CDDA0BA00AC91406175
assembly_signature:44787378fc85d5dd7073a2075d55faee,1,Group2136669696,ToMigrateAuditRound4,/Game/AVIC_Show/Art/A03_ParkLevel/0713/Geometries/Obj3d66-15645877-74-851.Obj3d66-15645877-74-851,/Script/Engine.Actor,44787378fc85d5dd7073a2075d55faee,3,3,4,0,,composite_assembly,zhhz.exhibit,展品,展品,confirmed,create_experimental,round4 reviewed group=actor:4A7FE96A419CF693930213AFFFEFD3EF
assembly_signature:44a58b6f7940b1709d9fd770c6dbc034,1,Group2136669883,ToMigrateAuditRound4,/Game/AVIC_Show/Art/A03_ParkLevel/AVIC_0706/Geometries/3d66-Editable_Poly-22550832-007.3d66-Editable_Poly-22550832-007,/Script/Engine.Actor,44a58b6f7940b1709d9fd770c6dbc034,2,2,3,0,,composite_assembly,zhhz.exhibit,展品,展品,confirmed,create_experimental,round4 reviewed group=actor:AFEDE1CE4A434AF801B90B94BE349B4E
assembly_signature:45935529caa8a757f58eab484df07b7f,1,1_4-026,ToMigrateAuditRound4,/Game/AVIC_Show/Art/A03_ParkLevel/0713/Geometries/Capsule237.Capsule237,/Script/Engine.Actor,45935529caa8a757f58eab484df07b7f,43,43,50,0,,composite_assembly,zhhz.exhibit,展品,展品,confirmed,create_experimental,round4 reviewed group=actor:96BF272949088E6EC303D78F73A4675C
assembly_signature:46726cd33db387cc48d80f84d68bad20,1,Group2136669957,ToMigrateAuditRound4,/Game/AVIC_Show/Art/A03_ParkLevel/0713/Geometries/Plane1235.Plane1235,/Script/Engine.Actor,46726cd33db387cc48d80f84d68bad20,2,2,3,0,,composite_assembly,zhhz.exhibit,展品,展品,confirmed,create_experimental,round4 reviewed group=actor:1DA87E534D008F7FD7CC3A92E6BC04A2
assembly_signature:475c4c223732967f77c8421dff9c278c,1,Group2136669718,ToMigrateAuditRound4,/Game/AVIC_Show/Art/A03_ParkLevel/0713/Geometries/Line2144961844.Line2144961844,/Script/Engine.Actor,475c4c223732967f77c8421dff9c278c,15,15,16,0,,composite_assembly,zhhz.exhibit,展品,展品,confirmed,create_experimental,round4 reviewed group=actor:882839374902D96D5762AAB33C78EA7D
assembly_signature:47b86193b96de391d50a3f466caac663,1,132-013,ToMigrateAuditRound4,/Game/AVIC_Show/Art/A03_ParkLevel/0713/Geometries/Obj3d66-15586797-58-543.Obj3d66-15586797-58-543,/Script/Engine.Actor,47b86193b96de391d50a3f466caac663,24,24,29,0,,composite_assembly,zhhz.device_screen,装置屏幕,显示与媒体设备,confirmed,create_experimental,round4 reviewed group=actor:BAB8FA8A47F314D1FAD52BA2DA1215ED
assembly_signature:47d0286278d34b0fb67921a894ab33b9,1,Group2136669683,ToMigrateAuditRound4,/Game/AVIC_Show/Art/A03_ParkLevel/0713/Geometries/Obj3d66-16049182-274-147.Obj3d66-16049182-274-147,/Script/Engine.Actor,47d0286278d34b0fb67921a894ab33b9,130,130,134,0,,composite_assembly,zhhz.exhibit,展品,展品,confirmed,create_experimental,round4 reviewed group=actor:09E3CC3E41594C6FBC80E1BC8E71C9C7
assembly_signature:481902744943d53cbced88f6328e1c9a,1,132-005,ToMigrateAuditRound4,/Game/AVIC_Show/Art/A03_ParkLevel/0713/Geometries/Obj3d66-15586797-59-023.Obj3d66-15586797-59-023,/Script/Engine.Actor,481902744943d53cbced88f6328e1c9a,24,24,29,0,,composite_assembly,zhhz.device_screen,装置屏幕,显示与媒体设备,confirmed,create_experimental,round4 reviewed group=actor:CE97805544899F454F3D1784E712D61D
assembly_signature:4829554d5ea6da8457cd7ebd2835ae02,1,入洞,ToMigrateAuditRound4,/Game/AVIC_Show/Art/A03_ParkLevel/0713/Geometries/Rectangle2133396195.Rectangle2133396195,/Script/Engine.Actor,4829554d5ea6da8457cd7ebd2835ae02,2,2,3,0,,composite_assembly,zhhz.exhibit,展品,展品,confirmed,create_experimental,round4 reviewed group=actor:8186D7264912011AB280D8AA2AE74F7D
assembly_signature:486b3f7e878b497267193228d8313758,1,Group2136670051,ToMigrateAuditRound4,/Game/AVIC_Show/Art/A03_ParkLevel/0713/Geometries/Obj3d66-15586797-59-1.Obj3d66-15586797-59-1,/Script/Engine.Actor,486b3f7e878b497267193228d8313758,6,6,7,0,,composite_assembly,zhhz.exhibit,展品,展品,confirmed,create_experimental,round4 reviewed group=actor:86AC7E09452BC353593EF4A5612B4A8A
assembly_signature:48b4a81f314307f49f26e83371caf809,1,组2142378680,ToMigrateAuditRound4,/Game/AVIC_Show/Art/A03_ParkLevel/0713/Geometries/Box2131642609_2.Box2131642609_2,/Script/Engine.Actor,48b4a81f314307f49f26e83371caf809,2,2,3,0,,composite_assembly,zhhz.exhibit,展品,展品,confirmed,create_experimental,round4 reviewed group=actor:05FF0AEA41692FE4C359B69765D93AF1
assembly_signature:48d7a4bd4c404ee8a89710a020c6ad3a,1,Group2136669861,ToMigrateAuditRound4,/Game/AVIC_Show/Art/A03_ParkLevel/0713/Geometries/Shape65123687.Shape65123687,/Script/Engine.Actor,48d7a4bd4c404ee8a89710a020c6ad3a,2,2,3,0,,composite_assembly,zhhz.exhibit,展品,展品,confirmed,create_experimental,round4 reviewed group=actor:5625165143A76A835EEF859951E30397
assembly_signature:49f59f02edefd16a440bc234ecf3ef70,1,报国强国-02,ToMigrateAuditRound4,/Game/AVIC_Show/Art/A03_ParkLevel/0713/Geometries/Shape65123822.Shape65123822,/Script/Engine.Actor,49f59f02edefd16a440bc234ecf3ef70,2,2,3,0,,composite_assembly,zhhz.exhibit_fixture,展陈装置,展陈装置,confirmed,create_experimental,round4 reviewed group=actor:49B04F3A488F6096852D3E97573C3E59
assembly_signature:4a109cee2d800974a70507f50b75a311,1,3d66Group090,ToMigrateAuditRound4,/Game/AVIC_Show/Art/A03_ParkLevel/0713/Geometries/3d66diban-026.3d66diban-026,/Script/Engine.Actor,4a109cee2d800974a70507f50b75a311,3,3,4,0,,composite_assembly,zhhz.exhibit,展品,展品,confirmed,create_experimental,round4 reviewed group=actor:AC6F52A3485B8F92EAA985AFFC2BC58E
assembly_signature:4a3eda2a641aafb04cb199a7d5836c36,1,Group2136669277,ToMigrateAuditRound4,/Game/AVIC_Show/Art/A03_ParkLevel/0713/Geometries/Line2144961584.Line2144961584,/Script/Engine.Actor,4a3eda2a641aafb04cb199a7d5836c36,15,15,16,0,,composite_assembly,zhhz.exhibit,展品,展品,confirmed,create_experimental,round4 reviewed group=actor:C876BF2344A5663B08438DB2A442C7A3
assembly_signature:4a733edcea1699a1faa3399130e8a810,1,Group2136669703,ToMigrateAuditRound4,/Game/AVIC_Show/Art/A03_ParkLevel/0713/Geometries/Obj3d66-16049182-114-364.Obj3d66-16049182-114-364,/Script/Engine.Actor,4a733edcea1699a1faa3399130e8a810,130,130,134,0,,composite_assembly,zhhz.exhibit,展品,展品,confirmed,create_experimental,round4 reviewed group=actor:D7A54C074F51F06DE279A8943FF66C85
assembly_signature:4c3372ce4bd781063da68ed910b326fe,1,3d66Group251,ToMigrateAuditRound4,/Game/AVIC_Show/Art/A03_ParkLevel/0713/Geometries/3d66-Editable_mesh-22561678-197.3d66-Editable_mesh-22561678-197,/Script/Engine.Actor,4c3372ce4bd781063da68ed910b326fe,27,27,30,0,,composite_assembly,zhhz.exhibit,展品,展品,confirmed,create_experimental,round4 reviewed group=actor:65208BB549F8F4BDA6A02692091965A8
assembly_signature:4eca25b0a6ce7a8882fa1c23b6805166,1,Group2136670042,ToMigrateAuditRound4,/Game/AVIC_Show/Art/A03_ParkLevel/0713/Geometries/Rectangle2133397516.Rectangle2133397516,/Script/Engine.Actor,4eca25b0a6ce7a8882fa1c23b6805166,3,3,4,0,,composite_assembly,zhhz.exhibit,展品,展品,confirmed,create_experimental,round4 reviewed group=actor:5E56A6124AC39C6D99B196ABE025B8EB
assembly_signature:4f20c96eb4e33eb53d5e9b91b2474ce5,1,Group2136669270,ToMigrateAuditRound4,/Game/AVIC_Show/Art/A03_ParkLevel/0713/Geometries/Text228421992.Text228421992,/Script/Engine.Actor,4f20c96eb4e33eb53d5e9b91b2474ce5,5,5,6,0,,composite_assembly,zhhz.exhibit,展品,展品,confirmed,create_experimental,round4 reviewed group=actor:C97590564F00AB2D5C9BBBA2B79DB6A9
assembly_signature:51ded2e08e1a94b50a3e8a2a80c8b971,1,100-032,ToMigrateAuditRound4,/Game/AVIC_Show/Art/A03_ParkLevel/0713/Geometries/Box2131642638_2.Box2131642638_2,/Script/Engine.Actor,51ded2e08e1a94b50a3e8a2a80c8b971,2,2,3,0,,composite_assembly,zhhz.device_screen,装置屏幕,显示与媒体设备,confirmed,create_experimental,round4 reviewed group=actor:59A2141348DA0AB6E9CBAC923F6DCC92
assembly_signature:52323d2fd6e9d3759c1f662f480ab672,1,3d66Group198,ToMigrateAuditRound4,/Game/AVIC_Show/Art/A03_ParkLevel/0713/Geometries/3d66-Editable_mesh-23797109-374.3d66-Editable_mesh-23797109-374,/Script/Engine.Actor,52323d2fd6e9d3759c1f662f480ab672,2,2,3,0,,composite_assembly,zhhz.exhibit,展品,展品,confirmed,create_experimental,round4 reviewed group=actor:B603573F421EA90A1F1E8288563BE826
assembly_signature:523321815025b6d8a2f3ea7959475b7c,1,Group-402577-652,ToMigrateAuditRound4,/Game/AVIC_Show/Art/A03_ParkLevel/AVIC_0706/Geometries/Obj3d66-402577-10-241.Obj3d66-402577-10-241,/Script/Engine.Actor,523321815025b6d8a2f3ea7959475b7c,118,118,119,0,,composite_assembly,zhhz.exhibit,展品,展品,confirmed,create_experimental,round4 reviewed group=actor:9DAAC791413439D8FD923B8552540B8A
assembly_signature:53268e721dbc61479d29a330ab21f73b,1,Group2136670264,ToMigrateAuditRound4,/Game/AVIC_Show/Art/A03_ParkLevel/AVIC_0706/Geometries/obj_2056.obj_2056,/Script/Engine.Actor,53268e721dbc61479d29a330ab21f73b,7,7,8,0,,composite_assembly,zhhz.exhibit,展品,展品,confirmed,create_experimental,round4 reviewed group=actor:C8B7376846E307D97E3267B3BF539733
assembly_signature:55e792b54a33c398c7f574b19e7c0181,1,Group2136670522,ToMigrateAuditRound4,/Game/AVIC_Show/Art/A03_ParkLevel/0713/Geometries/Obj3d66-784769-1-958.Obj3d66-784769-1-958,/Script/Engine.Actor,55e792b54a33c398c7f574b19e7c0181,16,16,19,0,,composite_assembly,zhhz.exhibit,展品,展品,confirmed,create_experimental,round4 reviewed group=actor:E5CF02214ADEF49CF74AC1BFB3489E00
assembly_signature:562f78041e596bbc6087e15173c26324,1,Group2136670052,ToMigrateAuditRound4,/Game/AVIC_Show/Art/A03_ParkLevel/0713/Geometries/Obj3d66-15586797-52-449.Obj3d66-15586797-52-449,/Script/Engine.Actor,562f78041e596bbc6087e15173c26324,3,3,4,0,,composite_assembly,zhhz.exhibit,展品,展品,confirmed,create_experimental,round4 reviewed group=actor:334324F44049395D5F7A6289C1BC8F38
assembly_signature:57df9d3c4d98d8b94be9b7da9ec785c2,1,Group2136670057,ToMigrateAuditRound4,/Game/AVIC_Show/Art/A03_ParkLevel/0713/Geometries/Obj3d66-15586797-58-493.Obj3d66-15586797-58-493,/Script/Engine.Actor,57df9d3c4d98d8b94be9b7da9ec785c2,6,6,7,0,,composite_assembly,zhhz.exhibit,展品,展品,confirmed,create_experimental,round4 reviewed group=actor:3C5666894207CC83F6D4E0842653DB2D
assembly_signature:5810dbf008c8d6def6a81ab7623fa586,2,层板架-01 | 层板架002-02,ToMigrateAuditRound4,/Game/AVIC_Show/Art/A03_ParkLevel/AVIC_0706/Geometries/Obj3d66-9084560-43-286.Obj3d66-9084560-43-286,/Script/Engine.Actor,5810dbf008c8d6def6a81ab7623fa586,25,50,52,0,,composite_assembly,zhhz.exhibit_fixture,展陈装置,展陈装置,confirmed,create_experimental,round4 reviewed group=actor:0F9C0F9748C0DB16599DC089801039B2
assembly_signature:58510a3b83aaa1ee18b568effc6dd6da,1,组2142378572,ToMigrateAuditRound4,/Game/AVIC_Show/Art/A03_ParkLevel/0713/Geometries/Box2131642206.Box2131642206,/Script/Engine.Actor,58510a3b83aaa1ee18b568effc6dd6da,2,2,3,0,,composite_assembly,zhhz.exhibit,展品,展品,confirmed,create_experimental,round4 reviewed group=actor:85B141AC46596DC3015BE180C70C6631
assembly_signature:588859c97df37774c5126fc522ce5074,1,Group2136670451,ToMigrateAuditRound4,/Game/AVIC_Show/Art/A03_ParkLevel/0713/Geometries/Star5248.Star5248,/Script/Engine.Actor,588859c97df37774c5126fc522ce5074,129,129,130,0,,composite_assembly,zhhz.exhibit,展品,展品,confirmed,create_experimental,round4 reviewed group=actor:FD1F2C5F422112158055389C60531A94
assembly_signature:58b4f579a968b626badf3b064b5a5a6d,1,3d66Group105,ToMigrateAuditRound4,/Game/AVIC_Show/Art/A03_ParkLevel/0713/Geometries/3d66diban-017.3d66diban-017,/Script/Engine.Actor,58b4f579a968b626badf3b064b5a5a6d,3,3,4,0,,composite_assembly,zhhz.exhibit,展品,展品,confirmed,create_experimental,round4 reviewed group=actor:7D59F9534D0CCB7DE90E3D83AAC15345
assembly_signature:58cb146a4e460f74e543dde49c876261,1,Group-16049182-80-040,ToMigrateAuditRound4,/Game/AVIC_Show/Art/A03_ParkLevel/AVIC_0706/Geometries/Obj3d66-16049182-876-699.Obj3d66-16049182-876-699,/Script/Engine.Actor,58cb146a4e460f74e543dde49c876261,31,31,41,0,,composite_assembly,zhhz.exhibit,展品,展品,confirmed,create_experimental,round4 reviewed group=actor:EAA8DC9246E20BA8C077DEA5C683A1DA
assembly_signature:5a1835fc372cef21c114f532c1cb5e91,1,Group2136669722,ToMigrateAuditRound4,/Game/AVIC_Show/Art/A03_ParkLevel/0713/Geometries/Obj3d66-14077185-3-064.Obj3d66-14077185-3-064,/Script/Engine.Actor,5a1835fc372cef21c114f532c1cb5e91,2,2,3,0,,composite_assembly,zhhz.exhibit,展品,展品,confirmed,create_experimental,round4 reviewed group=actor:51C6F87846996CB9510218BE57E6C8B4
assembly_signature:5af45aa2e3fa44f94cefd3206f4eadce,1,Group2136666408,ToMigrateAuditRound4,/Game/AVIC_Show/Art/A03_ParkLevel/0713/Geometries/Obj3d66-1132516-2898-264.Obj3d66-1132516-2898-264,/Script/Engine.Actor,5af45aa2e3fa44f94cefd3206f4eadce,12,12,15,0,,composite_assembly,zhhz.exhibit,展品,展品,confirmed,create_experimental,round4 reviewed group=actor:09D4F3274A38548C75601981676B5BFE
assembly_signature:5b14d06ac8a2535d54ff792060669f85,1,Group2136666409,ToMigrateAuditRound4,/Game/AVIC_Show/Art/A03_ParkLevel/0713/Geometries/Obj3d66-1132516-2898-265.Obj3d66-1132516-2898-265,/Script/Engine.Actor,5b14d06ac8a2535d54ff792060669f85,12,12,15,0,,composite_assembly,zhhz.exhibit,展品,展品,confirmed,create_experimental,round4 reviewed group=actor:D8CA3CB946988D704509CC8B11AFD589
assembly_signature:5b98e913099a14a427c7034165df355d,1,Group-16049182-80-037,ToMigrateAuditRound4,/Game/AVIC_Show/Art/A03_ParkLevel/AVIC_0706/Geometries/Obj3d66-16049182-874-720.Obj3d66-16049182-874-720,/Script/Engine.Actor,5b98e913099a14a427c7034165df355d,31,31,41,0,,composite_assembly,zhhz.exhibit,展品,展品,confirmed,create_experimental,round4 reviewed group=actor:7BCBE2BD490BD66997E90193AB696A2A
assembly_signature:5bf792c6001ac1793d49bc9cff573a18,1,Group2136670201,ToMigrateAuditRound4,/Game/AVIC_Show/Art/A03_ParkLevel/0713/Geometries/Line2144963815.Line2144963815,/Script/Engine.Actor,5bf792c6001ac1793d49bc9cff573a18,15,15,16,0,,composite_assembly,zhhz.exhibit,展品,展品,confirmed,create_experimental,round4 reviewed group=actor:7CB5FDC840D6591D40E6919E4589E7DA
assembly_signature:5d3ea687029500f52e8ff30b48239f9f,1,Group-16049182-80-034,ToMigrateAuditRound4,/Game/AVIC_Show/Art/A03_ParkLevel/AVIC_0706/Geometries/Obj3d66-16049182-873-977.Obj3d66-16049182-873-977,/Script/Engine.Actor,5d3ea687029500f52e8ff30b48239f9f,31,31,41,0,,composite_assembly,zhhz.exhibit,展品,展品,confirmed,create_experimental,round4 reviewed group=actor:7AECB12047EC02CE8904EBA3C7278B6D
assembly_signature:5e9c92b0daf468f1bcd38ffcb1b0b2c3,1,Group2136669786,ToMigrateAuditRound4,/Game/AVIC_Show/Art/A03_ParkLevel/0713/Geometries/Shape1622260049.Shape1622260049,/Script/Engine.Actor,5e9c92b0daf468f1bcd38ffcb1b0b2c3,2,2,3,0,,composite_assembly,zhhz.exhibit,展品,展品,confirmed,create_experimental,round4 reviewed group=actor:CF4A1F5A438D42CC716F98AE0A63E5C9
assembly_signature:6057e36e3e6add2742b999616b0020b4,1,YY-20,ToMigrateAuditRound4,/Game/AVIC_Show/Art/A03_ParkLevel/0713/Geometries/Box2131642663_2.Box2131642663_2,/Script/Engine.Actor,6057e36e3e6add2742b999616b0020b4,2,2,4,0,,composite_assembly,zhhz.exhibit,展品,展品,confirmed,create_experimental,round4 reviewed group=actor:257B957C4A87C2BCC50EE8A1C6D472CC
assembly_signature:60a2ea4e0419e175e43b6aa4f55d6926,1,3d66Group110,ToMigrateAuditRound4,/Game/AVIC_Show/Art/A03_ParkLevel/0713/Geometries/3d66diban-087.3d66diban-087,/Script/Engine.Actor,60a2ea4e0419e175e43b6aa4f55d6926,3,3,5,0,,composite_assembly,zhhz.exhibit,展品,展品,confirmed,create_experimental,round4 reviewed group=actor:16B619304FD1E3634CDE25B29CA08531
assembly_signature:61cdab61fe9b5799598c60dfc79a1322,1,3d66Group192,ToMigrateAuditRound4,/Game/AVIC_Show/Art/A03_ParkLevel/0713/Geometries/3d66-Editable_mesh-23797109-362.3d66-Editable_mesh-23797109-362,/Script/Engine.Actor,61cdab61fe9b5799598c60dfc79a1322,2,2,3,0,,composite_assembly,zhhz.exhibit,展品,展品,confirmed,create_experimental,round4 reviewed group=actor:51650566405D38E2B4471BA74C78CC47
assembly_signature:6471c6fd8f3d7a0f88b55c34d0f4f628,1,Group2136669887,ToMigrateAuditRound4,/Game/AVIC_Show/Art/A03_ParkLevel/0713/Geometries/Cylinder32237359.Cylinder32237359,/Script/Engine.Actor,6471c6fd8f3d7a0f88b55c34d0f4f628,14,14,15,0,,composite_assembly,zhhz.exhibit,展品,展品,confirmed,create_experimental,round4 reviewed group=actor:7B58CE3F4526A5B437B4E4AB9B80AA48
assembly_signature:6476a258e79fbf70d999cc7aad181b09,1,大型装置,ToMigrateAuditRound4,/Game/AVIC_Show/Art/A03_ParkLevel/0713/Geometries/Brep_With_Voids_9.Brep_With_Voids_9,/Script/Engine.Actor,6476a258e79fbf70d999cc7aad181b09,39,39,79,0,,composite_assembly,zhhz.exhibit_fixture,展陈装置,展陈装置,confirmed,create_experimental,round4 reviewed group=manual:large_device
assembly_signature:658050d1391798cc03d077fbf6679378,1,Group2136670270,ToMigrateAuditRound4,/Game/AVIC_Show/Art/A03_ParkLevel/AVIC_0706/Geometries/Rectangle2133396034.Rectangle2133396034,/Script/Engine.Actor,658050d1391798cc03d077fbf6679378,3,3,4,0,,composite_assembly,zhhz.exhibit,展品,展品,confirmed,create_experimental,round4 reviewed group=actor:4353ED544D7E59E6001EAFAB1D85FEE7
assembly_signature:65c43b6dc488d830fe7fe47611ba0537,1,132-012,ToMigrateAuditRound4,/Game/AVIC_Show/Art/A03_ParkLevel/0713/Geometries/Obj3d66-15586797-58-540.Obj3d66-15586797-58-540,/Script/Engine.Actor,65c43b6dc488d830fe7fe47611ba0537,24,24,29,0,,composite_assembly,zhhz.device_screen,装置屏幕,显示与媒体设备,confirmed,create_experimental,round4 reviewed group=actor:03A92F5542B7F4E12283EE83E8E28EC4
assembly_signature:6610bd9dd30412e52dd7535ff8459778,1,Group-16049182-80-039,ToMigrateAuditRound4,/Game/AVIC_Show/Art/A03_ParkLevel/AVIC_0706/Geometries/Obj3d66-16049182-877-874.Obj3d66-16049182-877-874,/Script/Engine.Actor,6610bd9dd30412e52dd7535ff8459778,31,31,41,0,,composite_assembly,zhhz.exhibit,展品,展品,confirmed,create_experimental,round4 reviewed group=actor:7EAEC46B44CF5EEA9E5B5981CB51816B
assembly_signature:664a0ef36bf52eefe5c7cbbb18172dc1,1,Group2136670348,ToMigrateAuditRound4,/Game/AVIC_Show/Art/A03_ParkLevel/0713/Geometries/Obj3d66-784769-2-273.Obj3d66-784769-2-273,/Script/Engine.Actor,664a0ef36bf52eefe5c7cbbb18172dc1,16,16,19,0,,composite_assembly,zhhz.exhibit,展品,展品,confirmed,create_experimental,round4 reviewed group=actor:4DFE0B0D4F0969070249FD9CBB000621
assembly_signature:67369af0ea9b74c29bdc82eb2957a78c,1,Group2136670550,ToMigrateAuditRound4,/Game/AVIC_Show/Art/A03_ParkLevel/0713/Geometries/Rectangle2133400849.Rectangle2133400849,/Script/Engine.Actor,67369af0ea9b74c29bdc82eb2957a78c,4,4,5,0,,composite_assembly,zhhz.exhibit,展品,展品,confirmed,create_experimental,round4 reviewed group=actor:940E479248D565538B1064B71D8AE27E
assembly_signature:692c1441c0a13da2b5e7284abdff7469,1,3d66Group097,ToMigrateAuditRound4,/Game/AVIC_Show/Art/A03_ParkLevel/0713/Geometries/3d66-Editable_mesh-30914087-028.3d66-Editable_mesh-30914087-028,/Script/Engine.Actor,692c1441c0a13da2b5e7284abdff7469,2,2,3,0,,composite_assembly,zhhz.exhibit,展品,展品,confirmed,create_experimental,round4 reviewed group=actor:53A75A004EFA232D1F77BAA0BB316C22
assembly_signature:69376607c5e190462d02703545b51be6,1,Group2136668962,ToMigrateAuditRound4,/Game/AVIC_Show/Art/A03_ParkLevel/0713/Geometries/Obj3d66-9857125-15-956.Obj3d66-9857125-15-956,/Script/Engine.Actor,69376607c5e190462d02703545b51be6,13,13,15,0,,composite_assembly,zhhz.exhibit,展品,展品,confirmed,create_experimental,round4 reviewed group=actor:F533487B4EF6B68F5614A1A98A0E2AFD
assembly_signature:69ff5cceff16737ae88889fbfa0de4a5,1,Group2136669704,ToMigrateAuditRound4,/Game/AVIC_Show/Art/A03_ParkLevel/0713/Geometries/Obj3d66-16049182-114-365.Obj3d66-16049182-114-365,/Script/Engine.Actor,69ff5cceff16737ae88889fbfa0de4a5,130,130,134,0,,composite_assembly,zhhz.exhibit,展品,展品,confirmed,create_experimental,round4 reviewed group=actor:2F69527A470BB26B5F63409E96AB1A3C
assembly_signature:6bbc83f8a8c45b7d72579cfe4e2a9a8f,1,Group2112605508,ToMigrateAuditRound4,/Game/AVIC_Show/Art/A03_ParkLevel/0713/Geometries/Obj3d66-628807-17-212.Obj3d66-628807-17-212,/Script/Engine.Actor,6bbc83f8a8c45b7d72579cfe4e2a9a8f,3,3,4,0,,composite_assembly,zhhz.exhibit,展品,展品,confirmed,create_experimental,round4 reviewed group=actor:62C8685A41B09644570884A4C69FCE5A
assembly_signature:6bd28d754dd40557ea6baa7e557b9506,1,132-002,ToMigrateAuditRound4,/Game/AVIC_Show/Art/A03_ParkLevel/0713/Geometries/Obj3d66-15586797-59-011.Obj3d66-15586797-59-011,/Script/Engine.Actor,6bd28d754dd40557ea6baa7e557b9506,24,24,29,0,,composite_assembly,zhhz.device_screen,装置屏幕,显示与媒体设备,confirmed,create_experimental,round4 reviewed group=actor:A66E5EDB43DBBA618C8E05BBBB706AE8
assembly_signature:6c3d11124a2e584a2de185f99e1d7451,1,通航综合009,ToMigrateAuditRound4,/Game/AVIC_Show/Art/A03_ParkLevel/0713/Geometries/Box2131643638.Box2131643638,/Script/Engine.Actor,6c3d11124a2e584a2de185f99e1d7451,38,38,41,0,,composite_assembly,zhhz.exhibit,展品,展品,confirmed,create_experimental,round4 reviewed group=actor:1200C0D0499E99714270B68E6A876565
assembly_signature:6e6c866f2e538063be2335e6124d8bec,1,Group2136669271,ToMigrateAuditRound4,/Game/AVIC_Show/Art/A03_ParkLevel/0713/Geometries/Rectangle2133395885.Rectangle2133395885,/Script/Engine.Actor,6e6c866f2e538063be2335e6124d8bec,5,5,6,0,,composite_assembly,zhhz.exhibit,展品,展品,confirmed,create_experimental,round4 reviewed group=actor:E4CCE1CE435AE3AD782B1F8A3C2FDAA8
assembly_signature:6ea7d0f4ec0f1fd82ea85dba83f6e311,1,132-003,ToMigrateAuditRound4,/Game/AVIC_Show/Art/A03_ParkLevel/0713/Geometries/Obj3d66-15586797-57-163.Obj3d66-15586797-57-163,/Script/Engine.Actor,6ea7d0f4ec0f1fd82ea85dba83f6e311,24,24,29,0,,composite_assembly,zhhz.device_screen,装置屏幕,显示与媒体设备,confirmed,create_experimental,round4 reviewed group=actor:51FF407D47937E43E55BA3B1E9F966D8
assembly_signature:6ef5729f9cc57ede16079759b1cbe8e6,1,座舱/模拟训练系统-02,ToMigrateAuditRound4,/Game/AVIC_Show/Art/A03_ParkLevel/AVIC_0706/Geometries/Obj3d66-9556484-10-496.Obj3d66-9556484-10-496,/Script/Engine.Actor,6ef5729f9cc57ede16079759b1cbe8e6,23,23,24,0,,composite_assembly,zhhz.aircraft_model_equipment,航模设备,航模设备,confirmed,create_experimental,round4 reviewed group=actor:253B29364E688BC413F9AF812420A4BD
assembly_signature:6f9abaf2bedf1b0d9407b9c6f42479cb,1,YY-16HDT,ToMigrateAuditRound4,/Game/AVIC_Show/Art/A03_ParkLevel/0713/Geometries/Mesh17097.Mesh17097,/Script/Engine.Actor,6f9abaf2bedf1b0d9407b9c6f42479cb,1,1,2,0,,,zhhz.exhibit,展品,展品,confirmed,create_experimental,round4 reviewed group=actor:59A9842440A52DADB9DBF6A73CDEF4A4
assembly_signature:7064ff2b99038af33d7221fd8c8249b3,1,Group2136668162,ToMigrateAuditRound4,/Game/AVIC_Show/Art/A03_ParkLevel/0713/Geometries/对象001.对象001,/Script/Engine.Actor,7064ff2b99038af33d7221fd8c8249b3,6,6,7,0,,composite_assembly,zhhz.exhibit,展品,展品,confirmed,create_experimental,round4 reviewed group=actor:372543654BE5B462DE0018B843B920E5
assembly_signature:70a56804e1b4a73392997bc9b8d9a19a,1,Group2136670056,ToMigrateAuditRound4,/Game/AVIC_Show/Art/A03_ParkLevel/0713/Geometries/Obj3d66-15586797-35-443.Obj3d66-15586797-35-443,/Script/Engine.Actor,70a56804e1b4a73392997bc9b8d9a19a,6,6,7,0,,composite_assembly,zhhz.exhibit,展品,展品,confirmed,create_experimental,round4 reviewed group=actor:EB16F1EF470C622FB469E79280599E46
assembly_signature:7380bda14cd6437736fee7ee6c811e6e,1,Group2136670055,ToMigrateAuditRound4,/Game/AVIC_Show/Art/A03_ParkLevel/0713/Geometries/Obj3d66-15586797-52-450.Obj3d66-15586797-52-450,/Script/Engine.Actor,7380bda14cd6437736fee7ee6c811e6e,3,3,4,0,,composite_assembly,zhhz.exhibit,展品,展品,confirmed,create_experimental,round4 reviewed group=actor:CC09083C4FEC2D26EFDD46A9F6D9C30A
assembly_signature:741046d1c2635aed1f8ad4c0333d4e9d,1,Group2136669858,ToMigrateAuditRound4,/Game/AVIC_Show/Art/A03_ParkLevel/AVIC_0706/Geometries/Shape1622260051.Shape1622260051,/Script/Engine.Actor,741046d1c2635aed1f8ad4c0333d4e9d,1,1,2,0,,,zhhz.exhibit,展品,展品,confirmed,create_experimental,round4 reviewed group=actor:9810A9CC40129B0E16825BBDBA260584
assembly_signature:74454fecf4b2e4c71d34e85e64ef5077,1,Group2136670267,ToMigrateAuditRound4,/Game/AVIC_Show/Art/A03_ParkLevel/AVIC_0706/Geometries/obj_772.obj_772,/Script/Engine.Actor,74454fecf4b2e4c71d34e85e64ef5077,7,7,8,0,,composite_assembly,zhhz.exhibit,展品,展品,confirmed,create_experimental,round4 reviewed group=actor:EFF06AD44AB12E901793738B23E23CC7
assembly_signature:7583c552b7538f0a65629d301304ef93,1,300T,ToMigrateAuditRound4,/Game/AVIC_Show/Art/A03_ParkLevel/0713/Geometries/3d66-Editable_mesh-22577645-002.3d66-Editable_mesh-22577645-002,/Script/Engine.Actor,7583c552b7538f0a65629d301304ef93,18,18,19,0,,composite_assembly,zhhz.exhibit,展品,展品,confirmed,create_experimental,round4 reviewed group=actor:A75A533C473270DED3FCAF96B67ED7D4
assembly_signature:7718cde2c3c9281f4f94be7144c6a6a6,1,Group2112604037,ToMigrateAuditRound4,/Game/AVIC_Show/Art/A03_ParkLevel/0713/Geometries/Shape2565.Shape2565,/Script/Engine.Actor,7718cde2c3c9281f4f94be7144c6a6a6,2,2,3,0,,composite_assembly,zhhz.exhibit,展品,展品,confirmed,create_experimental,round4 reviewed group=actor:C22F7CC64EE934121C383BAB38565B6C
assembly_signature:774249f24d0a18a432c790d9d31b3bd3,1,座舱/模拟训练系统-05,ToMigrateAuditRound4,/Game/AVIC_Show/Art/A03_ParkLevel/AVIC_0706/Geometries/Box2131643711.Box2131643711,/Script/Engine.Actor,774249f24d0a18a432c790d9d31b3bd3,28,28,29,0,,composite_assembly,zhhz.aircraft_model_equipment,航模设备,航模设备,confirmed,create_experimental,round4 reviewed group=actor:03E910D14710404186AF3EBFB2C2ECBE
assembly_signature:79f88efcedabecdbdbf65329b6969ce7,1,Group2136669863,ToMigrateAuditRound4,/Game/AVIC_Show/Art/A03_ParkLevel/0713/Geometries/Rectangle2133396176.Rectangle2133396176,/Script/Engine.Actor,79f88efcedabecdbdbf65329b6969ce7,2,2,3,0,,composite_assembly,zhhz.exhibit,展品,展品,confirmed,create_experimental,round4 reviewed group=actor:4FE8C2E242D06B2324405C94EF960470
assembly_signature:7a3b284cb244a5f35a505cf7dee5f397,1,Group2136669592,ToMigrateAuditRound4,/Game/AVIC_Show/Art/A03_ParkLevel/0713/Geometries/Obj3d66-8261284-29-108.Obj3d66-8261284-29-108,/Script/Engine.Actor,7a3b284cb244a5f35a505cf7dee5f397,2,2,3,0,,composite_assembly,zhhz.exhibit,展品,展品,confirmed,create_experimental,round4 reviewed group=actor:E2D1380B4FA5D15245788B9F40FDC4C3
assembly_signature:7a621ffb44dfb52ee3ee7078eb6dfe46,1,组2142381011,ToMigrateAuditRound4,/Game/AVIC_Show/Art/A03_ParkLevel/0713/Geometries/Box2131642477_2.Box2131642477_2,/Script/Engine.Actor,7a621ffb44dfb52ee3ee7078eb6dfe46,2,2,3,0,,composite_assembly,zhhz.exhibit,展品,展品,confirmed,create_experimental,round4 reviewed group=actor:563EF335435759DDD079EE9500739916
assembly_signature:7ab47235a502bfd9ecb4641e81bd0746,1,Group2136669318,ToMigrateAuditRound4,/Game/AVIC_Show/Art/A03_ParkLevel/0713/Geometries/Obj3d66-15645877-72-454.Obj3d66-15645877-72-454,/Script/Engine.Actor,7ab47235a502bfd9ecb4641e81bd0746,1,1,2,0,,,zhhz.exhibit,展品,展品,confirmed,create_experimental,round4 reviewed group=actor:9153797F4BD6E2E8010A6F9E41FFB0F5
assembly_signature:7bfa9e783e617cca6fb4d945215f9125,1,组2142378661,ToMigrateAuditRound4,/Game/AVIC_Show/Art/A03_ParkLevel/0713/Geometries/Box2131642561_2.Box2131642561_2,/Script/Engine.Actor,7bfa9e783e617cca6fb4d945215f9125,44,44,60,0,,composite_assembly,zhhz.exhibit,展品,展品,confirmed,create_experimental,round4 reviewed group=actor:C3205CDA4CFE70E425CFA88539C2C799
assembly_signature:7bfb5817c65da75a97b002bd7980848e,1,GW012,ToMigrateAuditRound4,/Game/AVIC_Show/Art/A03_ParkLevel/0713/Geometries/Object10129421.Object10129421,/Script/Engine.Actor,7bfb5817c65da75a97b002bd7980848e,2,2,3,0,,composite_assembly,zhhz.decorative_wall,装饰墙,建筑附属设施,confirmed,create_experimental,round4 reviewed group=actor:2622D11B42A428F47852328D0CC20F20
assembly_signature:7c2cb85fecce4fe7051905898ab0fa90,1,航电/传感器/对抗设备-02,ToMigrateAuditRound4,/Game/AVIC_Show/Art/A03_ParkLevel/0713/Geometries/Line2144961809.Line2144961809,/Script/Engine.Actor,7c2cb85fecce4fe7051905898ab0fa90,2,2,3,0,,composite_assembly,zhhz.aircraft_model_equipment,航模设备,航模设备,confirmed,create_experimental,round4 reviewed group=actor:E403588F49A3D2B30FED1599C2C2FE59
assembly_signature:7c3ca8ceaec67db2e057bc2c94293c7e,1,Group2136670053,ToMigrateAuditRound4,/Game/AVIC_Show/Art/A03_ParkLevel/0713/Geometries/Obj3d66-15586797-40-866.Obj3d66-15586797-40-866,/Script/Engine.Actor,7c3ca8ceaec67db2e057bc2c94293c7e,6,6,7,0,,composite_assembly,zhhz.exhibit,展品,展品,confirmed,create_experimental,round4 reviewed group=actor:472BFD8B454872670FB5A598713C512D
assembly_signature:7c62b930d89cccfaf67be53c0632a7c8,1,Group2136670200,ToMigrateAuditRound4,/Game/AVIC_Show/Art/A03_ParkLevel/0713/Geometries/Rectangle2133400534.Rectangle2133400534,/Script/Engine.Actor,7c62b930d89cccfaf67be53c0632a7c8,5,5,6,0,,composite_assembly,zhhz.exhibit,展品,展品,confirmed,create_experimental,round4 reviewed group=actor:90137A534AE06833C84581A843C8879C
assembly_signature:7cd849fe0a88bf82f3b88cff309dffca,2,Group2136670271 | Group2136670269,ToMigrateAuditRound4,/Game/AVIC_Show/Art/A03_ParkLevel/AVIC_0706/Geometries/Rectangle2133396034.Rectangle2133396034,/Script/Engine.Actor,7cd849fe0a88bf82f3b88cff309dffca,3,6,8,0,,composite_assembly,zhhz.exhibit,展品,展品,confirmed,create_experimental,round4 reviewed group=actor:B073BAB8439B65E549A7CD91F3E19732
assembly_signature:7cdf59f2ecc070b0734f8940164384ec,1,100-054,ToMigrateAuditRound4,/Game/AVIC_Show/Art/A03_ParkLevel/0713/Geometries/Box2131643778.Box2131643778,/Script/Engine.Actor,7cdf59f2ecc070b0734f8940164384ec,2,2,3,0,,composite_assembly,zhhz.device_screen,装置屏幕,显示与媒体设备,confirmed,create_experimental,round4 reviewed group=actor:0CF77B7443A09BCC18113DA0D3FBE89E
assembly_signature:7cf00c310980371ffe2abe02774d2420,1,Group2136670278,ToMigrateAuditRound4,/Game/AVIC_Show/Art/A03_ParkLevel/0713/Geometries/Rectangle2133400586.Rectangle2133400586,/Script/Engine.Actor,7cf00c310980371ffe2abe02774d2420,5,5,6,0,,composite_assembly,zhhz.exhibit,展品,展品,confirmed,create_experimental,round4 reviewed group=actor:3380F185498724CF3D9601ADEAC47D82
assembly_signature:7d2edd180ecd87a9c8330397016480a7,1,Group2136669726,ToMigrateAuditRound4,/Game/AVIC_Show/Art/A03_ParkLevel/AVIC_0706/Geometries/obj_2056.obj_2056,/Script/Engine.Actor,7d2edd180ecd87a9c8330397016480a7,7,7,8,0,,composite_assembly,zhhz.exhibit,展品,展品,confirmed,create_experimental,round4 reviewed group=actor:6103C68A437EA05600742094ECB34B68
assembly_signature:7f17db0f513886d6a2affd99dbd841d2,1,Group2136669690,ToMigrateAuditRound4,/Game/AVIC_Show/Art/A03_ParkLevel/0713/Geometries/Obj3d66-16049182-278-660.Obj3d66-16049182-278-660,/Script/Engine.Actor,7f17db0f513886d6a2affd99dbd841d2,130,130,134,0,,composite_assembly,zhhz.exhibit,展品,展品,confirmed,create_experimental,round4 reviewed group=actor:0A41261A4D2E277DF67F9A8E725E9276
assembly_signature:7fe4d170f0912b90fb0a9a25e46c8549,1,Group2136669710,ToMigrateAuditRound4,/Game/AVIC_Show/Art/A03_ParkLevel/0713/Geometries/Cylinder32237303.Cylinder32237303,/Script/Engine.Actor,7fe4d170f0912b90fb0a9a25e46c8549,15,15,16,0,,composite_assembly,zhhz.exhibit,展品,展品,confirmed,create_experimental,round4 reviewed group=actor:6E742F8148AE161B9B388397442F9CA5
assembly_signature:8034fc81f6b811ed59199854045aa2d0,1,3d66Group250,ToMigrateAuditRound4,/Game/AVIC_Show/Art/A03_ParkLevel/0713/Geometries/3d66-Editable_Poly-22561678-156.3d66-Editable_Poly-22561678-156,/Script/Engine.Actor,8034fc81f6b811ed59199854045aa2d0,6,6,7,0,,composite_assembly,zhhz.exhibit,展品,展品,confirmed,create_experimental,round4 reviewed group=actor:D867DF5B49CF5B3903AB0FA7B393C6B3
assembly_signature:804ec1df70754faaafa8b32090a2396d,1,GW003,ToMigrateAuditRound4,/Game/AVIC_Show/Art/A03_ParkLevel/0713/Geometries/Plane1232.Plane1232,/Script/Engine.Actor,804ec1df70754faaafa8b32090a2396d,2,2,3,0,,composite_assembly,zhhz.decorative_wall,装饰墙,建筑附属设施,confirmed,create_experimental,round4 reviewed group=actor:611D43DB4E1CD2BD6D66DB8D2F6CBB25
assembly_signature:80f983a4423fab93046d8921372b1176,1,Group0083683368,ToMigrateAuditRound4,/Game/AVIC_Show/Art/A03_ParkLevel/0713/Geometries/Rectangle005.Rectangle005,/Script/Engine.Actor,80f983a4423fab93046d8921372b1176,44,44,51,0,,composite_assembly,zhhz.exhibit,展品,展品,confirmed,create_experimental,round4 reviewed group=actor:250D456E48C82A00F5FA729CE7B1E7A4
assembly_signature:82218817c8a62938f9a326313a64c813,1,Group2136670007,ToMigrateAuditRound4,/Game/AVIC_Show/Art/A03_ParkLevel/0713/Geometries/Rectangle2133400434.Rectangle2133400434,/Script/Engine.Actor,82218817c8a62938f9a326313a64c813,3,3,4,0,,composite_assembly,zhhz.exhibit,展品,展品,confirmed,create_experimental,round4 reviewed group=actor:E291C70049F6F58D3A8C058C8E15DB68
assembly_signature:8224c8799ed206c2dc8b0eecf1dc7e8b,1,层板架004-03,ToMigrateAuditRound4,/Game/AVIC_Show/Art/A03_ParkLevel/AVIC_0706/Geometries/Obj3d66-9084560-33-190.Obj3d66-9084560-33-190,/Script/Engine.Actor,8224c8799ed206c2dc8b0eecf1dc7e8b,25,25,26,0,,composite_assembly,zhhz.exhibit_fixture,展陈装置,展陈装置,confirmed,create_experimental,round4 reviewed group=actor:8A510B264622055D2B72E9A8FA50D274
assembly_signature:82cbd68b44c28e6abefd3624c9478f19,1,Group2136670527,ToMigrateAuditRound4,/Game/AVIC_Show/Art/A03_ParkLevel/0713/Geometries/Rectangle2133400809.Rectangle2133400809,/Script/Engine.Actor,82cbd68b44c28e6abefd3624c9478f19,3,3,4,0,,composite_assembly,zhhz.exhibit,展品,展品,confirmed,create_experimental,round4 reviewed group=actor:70BE49704AE25EB7D9C906A47C8ECA5B
assembly_signature:834bac76cc129f6d4b095e089714e753,1,Group2136670059,ToMigrateAuditRound4,/Game/AVIC_Show/Art/A03_ParkLevel/0713/Geometries/Obj3d66-15586797-35-444.Obj3d66-15586797-35-444,/Script/Engine.Actor,834bac76cc129f6d4b095e089714e753,6,6,7,0,,composite_assembly,zhhz.exhibit,展品,展品,confirmed,create_experimental,round4 reviewed group=actor:C6D6BE46471142A7CE00E2A25EC3BE6E
assembly_signature:8410ac5423dbcb9bbebec695003bee0c,1,Group-8261284-30-104,ToMigrateAuditRound4,/Game/AVIC_Show/Art/A03_ParkLevel/0713/Geometries/Obj3d66-8261284-160-202.Obj3d66-8261284-160-202,/Script/Engine.Actor,8410ac5423dbcb9bbebec695003bee0c,3,3,4,0,,composite_assembly,zhhz.exhibit,展品,展品,confirmed,create_experimental,round4 reviewed group=actor:4D38F40648EAAA02AEA08DACFB3BCB65
assembly_signature:849299ba7aa633b45db9445070a68e94,1,Group2136670449,ToMigrateAuditRound4,/Game/AVIC_Show/Art/A03_ParkLevel/0713/Geometries/Star2474.Star2474,/Script/Engine.Actor,849299ba7aa633b45db9445070a68e94,67,67,69,0,,composite_assembly,zhhz.exhibit,展品,展品,confirmed,create_experimental,round4 reviewed group=actor:08E2B8AE435E6B92D523C99F266EEACF
assembly_signature:849d9b5199d79261fdc906a19e73558e,1,Group2136669725,ToMigrateAuditRound4,/Game/AVIC_Show/Art/A03_ParkLevel/AVIC_0706/Geometries/obj_2057.obj_2057,/Script/Engine.Actor,849d9b5199d79261fdc906a19e73558e,7,7,8,0,,composite_assembly,zhhz.exhibit,展品,展品,confirmed,create_experimental,round4 reviewed group=actor:EBACBDB44E6CB4F57E6569BF0E09DE99
assembly_signature:851159255a6bcb09a680ddc7af644167,1,3d66Group187,ToMigrateAuditRound4,/Game/AVIC_Show/Art/A03_ParkLevel/0713/Geometries/3d66-Editable_mesh-23797109-351.3d66-Editable_mesh-23797109-351,/Script/Engine.Actor,851159255a6bcb09a680ddc7af644167,2,2,3,0,,composite_assembly,zhhz.exhibit,展品,展品,confirmed,create_experimental,round4 reviewed group=actor:B29C45334D2DC6F45E87F5905769D98C
assembly_signature:856c596869d9c38d019c141c15a3597f,1,Group2136670127,ToMigrateAuditRound4,/Game/AVIC_Show/Art/A03_ParkLevel/0713/Geometries/Shape1622260052.Shape1622260052,/Script/Engine.Actor,856c596869d9c38d019c141c15a3597f,2,2,3,0,,composite_assembly,zhhz.exhibit,展品,展品,confirmed,create_experimental,round4 reviewed group=actor:78EF2000444E870B7B1AFABE593EEF11
assembly_signature:857edd7a144b47915b8c7a67c66d051d,1,Group2136670450,ToMigrateAuditRound4,/Game/AVIC_Show/Art/A03_ParkLevel/0713/Geometries/Star2581.Star2581,/Script/Engine.Actor,857edd7a144b47915b8c7a67c66d051d,2,2,3,0,,composite_assembly,zhhz.exhibit,展品,展品,confirmed,create_experimental,round4 reviewed group=actor:EEF244014884BB8BA7F895956F1DD4F0
assembly_signature:85836514615e43ad8e39b53d5c4672e6,1,Group2136670288,ToMigrateAuditRound4,/Game/AVIC_Show/Art/A03_ParkLevel/0713/Geometries/Rectangle2133400617.Rectangle2133400617,/Script/Engine.Actor,85836514615e43ad8e39b53d5c4672e6,5,5,6,0,,composite_assembly,zhhz.exhibit,展品,展品,confirmed,create_experimental,round4 reviewed group=actor:76A0F7844C6763942F09388709028B36
assembly_signature:85b6e001cfaf6e9ffdad25dda7e67867,1,Group-16049182-80-038,ToMigrateAuditRound4,/Game/AVIC_Show/Art/A03_ParkLevel/AVIC_0706/Geometries/Obj3d66-16049182-873-981.Obj3d66-16049182-873-981,/Script/Engine.Actor,85b6e001cfaf6e9ffdad25dda7e67867,31,31,41,0,,composite_assembly,zhhz.exhibit,展品,展品,confirmed,create_experimental,round4 reviewed group=actor:5E5C353F4DF00E17074C5B9CB3F73F54
assembly_signature:883d4399ae740b4ec4f7b96c58e5065f,1,JDZ26A000000-00MX1_017-15,ToMigrateAuditRound4,/Game/AVIC_Show/Art/A03_ParkLevel/0713/Geometries/EaEe394.EaEe394,/Script/Engine.Actor,883d4399ae740b4ec4f7b96c58e5065f,305,305,306,0,,composite_assembly,zhhz.aircraft_model_equipment,航模设备,航模设备,confirmed,create_experimental,round4 reviewed group=actor:7A09902743EC2B99D8926E8E225734F3
assembly_signature:89c6adf71a4b4b3eb1814fd193b37ed8,1,Group2136669321,ToMigrateAuditRound4,/Game/AVIC_Show/Art/A03_ParkLevel/0713/Geometries/Obj3d66-16049182-114-352.Obj3d66-16049182-114-352,/Script/Engine.Actor,89c6adf71a4b4b3eb1814fd193b37ed8,130,130,134,0,,composite_assembly,zhhz.exhibit,展品,展品,confirmed,create_experimental,round4 reviewed group=actor:05D77CA645E9B13EED6FE6AA737586EB
assembly_signature:89fa492a02e52c0188137699a1637bba,1,组2142381009,ToMigrateAuditRound4,/Game/AVIC_Show/Art/A03_ParkLevel/0713/Geometries/Rectangle2133400428.Rectangle2133400428,/Script/Engine.Actor,89fa492a02e52c0188137699a1637bba,11,11,12,0,,composite_assembly,zhhz.exhibit,展品,展品,confirmed,create_experimental,round4 reviewed group=actor:D276E9BA40DBA3C7AB3EB8990A10466F
assembly_signature:8a5ab83f8b0f072ac7878646b88258c2,1,Group2136670060,ToMigrateAuditRound4,/Game/AVIC_Show/Art/A03_ParkLevel/0713/Geometries/Obj3d66-15586797-59-003.Obj3d66-15586797-59-003,/Script/Engine.Actor,8a5ab83f8b0f072ac7878646b88258c2,6,6,7,0,,composite_assembly,zhhz.exhibit,展品,展品,confirmed,create_experimental,round4 reviewed group=actor:045DD11B4379CCBE8EB53F995087233D
assembly_signature:8ba37a9588de4f0eb020e4179572e1f9,1,Group2136669615,ToMigrateAuditRound4,/Game/AVIC_Show/Art/A03_ParkLevel/0713/Geometries/Rectangle2133396130.Rectangle2133396130,/Script/Engine.Actor,8ba37a9588de4f0eb020e4179572e1f9,3,3,4,0,,composite_assembly,zhhz.exhibit,展品,展品,confirmed,create_experimental,round4 reviewed group=actor:C321CFE4438CB17C2615679A0088523D
assembly_signature:8cb793cca4e822986d64ab1b0655fde4,1,Group2136670268,ToMigrateAuditRound4,/Game/AVIC_Show/Art/A03_ParkLevel/AVIC_0706/Geometries/obj_771.obj_771,/Script/Engine.Actor,8cb793cca4e822986d64ab1b0655fde4,7,7,8,0,,composite_assembly,zhhz.exhibit,展品,展品,confirmed,create_experimental,round4 reviewed group=actor:FE786085415C0D541CD5E395557B7B9F
assembly_signature:8e9f8785f7cf7faa0bca50cb94f9f891,1,3d66Group089,ToMigrateAuditRound4,/Game/AVIC_Show/Art/A03_ParkLevel/0713/Geometries/3d66-Editable_mesh-23797109-156.3d66-Editable_mesh-23797109-156,/Script/Engine.Actor,8e9f8785f7cf7faa0bca50cb94f9f891,2,2,3,0,,composite_assembly,zhhz.exhibit,展品,展品,confirmed,create_experimental,round4 reviewed group=actor:852E74144E7EBE24AD800C8198DFEB0E
assembly_signature:8eac858165c7c334bc23f3f3a4cc20c8,1,Ax´iO»±EO»_17-05,ToMigrateAuditRound4,/Game/AVIC_Show/Art/A03_ParkLevel/0713/Geometries/NONE_SAFE_2.NONE_SAFE_2,/Script/Engine.Actor,8eac858165c7c334bc23f3f3a4cc20c8,3,3,4,0,,composite_assembly,zhhz.aircraft_model_equipment,航模设备,航模设备,confirmed,create_experimental,round4 reviewed group=actor:667155F048CF687716DBD6A39C5C8B33
assembly_signature:8f65293f2b1fb84479d8faeb6d876242,1,Group2112605297,ToMigrateAuditRound4,/Game/AVIC_Show/Art/A03_ParkLevel/AVIC_0706/Geometries/obj_773.obj_773,/Script/Engine.Actor,8f65293f2b1fb84479d8faeb6d876242,7,7,8,0,,composite_assembly,zhhz.exhibit,展品,展品,confirmed,create_experimental,round4 reviewed group=actor:23671870445361E887A073B3940AA044
assembly_signature:90d64e1cd73ca6b10117a26787d9e672,1,1_4-029,ToMigrateAuditRound4,/Game/AVIC_Show/Art/A03_ParkLevel/0713/Geometries/Obj3d66-10647471-23-328.Obj3d66-10647471-23-328,/Script/Engine.Actor,90d64e1cd73ca6b10117a26787d9e672,43,43,50,0,,composite_assembly,zhhz.exhibit,展品,展品,confirmed,create_experimental,round4 reviewed group=actor:1534E3604B384FF7C09C34A8FE758E40
assembly_signature:924744d8f891f08e04b64e687a49273d,1,132-01,ToMigrateAuditRound4,/Game/AVIC_Show/Art/A03_ParkLevel/0713/Geometries/Obj3d66-15586797-58-498.Obj3d66-15586797-58-498,/Script/Engine.Actor,924744d8f891f08e04b64e687a49273d,24,24,29,0,,composite_assembly,zhhz.device_screen,装置屏幕,显示与媒体设备,confirmed,create_experimental,round4 reviewed group=actor:D54FC07342A3A0BD91673B8E18D38F0C
assembly_signature:93bd17ea24ba47f3f7bbc2874899e904,1,Group2136670266,ToMigrateAuditRound4,/Game/AVIC_Show/Art/A03_ParkLevel/AVIC_0706/Geometries/obj_775.obj_775,/Script/Engine.Actor,93bd17ea24ba47f3f7bbc2874899e904,7,7,8,0,,composite_assembly,zhhz.exhibit,展品,展品,confirmed,create_experimental,round4 reviewed group=actor:C87A215B47A48F77A9CFA195A2A75B9E
assembly_signature:9616fa8e4d75030144e998219e303a9a,1,3d66Group010,ToMigrateAuditRound4,/Game/AVIC_Show/Art/A03_ParkLevel/0713/Geometries/3d66diban-047.3d66diban-047,/Script/Engine.Actor,9616fa8e4d75030144e998219e303a9a,3,3,5,0,,composite_assembly,zhhz.exhibit,展品,展品,confirmed,create_experimental,round4 reviewed group=actor:CF3591354055A41CB00F2ABEB5BC1258
assembly_signature:98587b3dc3ea9c62f19aebedc1d805c1,1,Group-16049182-80-033,ToMigrateAuditRound4,/Game/AVIC_Show/Art/A03_ParkLevel/AVIC_0706/Geometries/Obj3d66-16049182-874-716.Obj3d66-16049182-874-716,/Script/Engine.Actor,98587b3dc3ea9c62f19aebedc1d805c1,31,31,41,0,,composite_assembly,zhhz.exhibit,展品,展品,confirmed,create_experimental,round4 reviewed group=actor:13566AFB4366B77036A28B824EDF8E82
assembly_signature:98cfc2e217c0e9e9a0aa91cbefd30216,1,Group2136669889,ToMigrateAuditRound4,/Game/AVIC_Show/Art/A03_ParkLevel/0713/Geometries/Cylinder32237383.Cylinder32237383,/Script/Engine.Actor,98cfc2e217c0e9e9a0aa91cbefd30216,14,14,15,0,,composite_assembly,zhhz.exhibit,展品,展品,confirmed,create_experimental,round4 reviewed group=actor:AFE8567D4C812B57306F659B0EBBE9A5
assembly_signature:9a50ceea5eb225c74ea6db527111fea5,1,3d66Group107,ToMigrateAuditRound4,/Game/AVIC_Show/Art/A03_ParkLevel/0713/Geometries/3d66diban-089.3d66diban-089,/Script/Engine.Actor,9a50ceea5eb225c74ea6db527111fea5,3,3,5,0,,composite_assembly,zhhz.exhibit,展品,展品,confirmed,create_experimental,round4 reviewed group=actor:55EBE4074F82F08FECDF66BF39284A42
assembly_signature:9a70288520224286a85e22905cc5051f,1,Group2136669697,ToMigrateAuditRound4,/Game/AVIC_Show/Art/A03_ParkLevel/0713/Geometries/Obj3d66-15645877-70-725.Obj3d66-15645877-70-725,/Script/Engine.Actor,9a70288520224286a85e22905cc5051f,1,1,2,0,,,zhhz.exhibit,展品,展品,confirmed,create_experimental,round4 reviewed group=actor:AADC18F443E381657C95778477BAECD3
assembly_signature:9b2a023875c98ff5ef5b763f1675146e,1,组2142378681,ToMigrateAuditRound4,/Game/AVIC_Show/Art/A03_ParkLevel/0713/Geometries/Box2131642612_2.Box2131642612_2,/Script/Engine.Actor,9b2a023875c98ff5ef5b763f1675146e,2,2,3,0,,composite_assembly,zhhz.exhibit,展品,展品,confirmed,create_experimental,round4 reviewed group=actor:94FBD1FF4783376C533B72892A7D78B6
assembly_signature:9bbef8ba5da9dd4fcdf65fb89812dfec,1,3d66Group095,ToMigrateAuditRound4,/Game/AVIC_Show/Art/A03_ParkLevel/0713/Geometries/3d66-Editable_mesh-23797109-167.3d66-Editable_mesh-23797109-167,/Script/Engine.Actor,9bbef8ba5da9dd4fcdf65fb89812dfec,2,2,3,0,,composite_assembly,zhhz.exhibit,展品,展品,confirmed,create_experimental,round4 reviewed group=actor:1C1E90544E8B539C67F826B5BDA8B372
assembly_signature:9d73156db74d4c4eed2c6a64e5eae749,1,Group2136670058,ToMigrateAuditRound4,/Game/AVIC_Show/Art/A03_ParkLevel/0713/Geometries/Obj3d66-15586797-53-541.Obj3d66-15586797-53-541,/Script/Engine.Actor,9d73156db74d4c4eed2c6a64e5eae749,3,3,4,0,,composite_assembly,zhhz.exhibit,展品,展品,confirmed,create_experimental,round4 reviewed group=actor:BE0A17EC45E38C7048B259A80553B313
assembly_signature:9d900405940eabad8b8b0e38a0e40d8f,1,Group-16049182-80-044,ToMigrateAuditRound4,/Game/AVIC_Show/Art/A03_ParkLevel/AVIC_0706/Geometries/Obj3d66-16049182-879-441.Obj3d66-16049182-879-441,/Script/Engine.Actor,9d900405940eabad8b8b0e38a0e40d8f,31,31,41,0,,composite_assembly,zhhz.exhibit,展品,展品,confirmed,create_experimental,round4 reviewed group=actor:C85CA6A84F4F62E3499B019ADA75AF48
assembly_signature:9da94e632cb8167dddf8bcea5d18d6cd,1,GW005,ToMigrateAuditRound4,/Game/AVIC_Show/Art/A03_ParkLevel/0713/Geometries/Object10129346.Object10129346,/Script/Engine.Actor,9da94e632cb8167dddf8bcea5d18d6cd,2,2,3,0,,composite_assembly,zhhz.decorative_wall,装饰墙,建筑附属设施,confirmed,create_experimental,round4 reviewed group=actor:D3CBF2A944E196EA4D026CB9F269FCE8
assembly_signature:9dca54c0fed6cfa5e7bc14bde441cdd4,1,人物与装备展示模型-01,ToMigrateAuditRound4,/Game/AVIC_Show/Art/A03_ParkLevel/0713/Geometries/Object4642.Object4642,/Script/Engine.Actor,9dca54c0fed6cfa5e7bc14bde441cdd4,88,88,90,0,,composite_assembly,zhhz.exhibit_fixture,展陈装置,展陈装置,confirmed,create_experimental,round4 reviewed group=actor:93F060A3428E35442DB127965293B3FC
assembly_signature:9dddb859e6b80ce09698e889b89b1d5f,1,3d66Group094,ToMigrateAuditRound4,/Game/AVIC_Show/Art/A03_ParkLevel/0713/Geometries/3d66diban-106.3d66diban-106,/Script/Engine.Actor,9dddb859e6b80ce09698e889b89b1d5f,3,3,4,0,,composite_assembly,zhhz.exhibit,展品,展品,confirmed,create_experimental,round4 reviewed group=actor:6BFAC23F4D2F8421A0842190393D9CEC
assembly_signature:9e479c1fff1a806449dfa625d8d8bb8f,1,Group2136670319,ToMigrateAuditRound4,/Game/AVIC_Show/Art/A03_ParkLevel/0713/Geometries/Rectangle2133400666.Rectangle2133400666,/Script/Engine.Actor,9e479c1fff1a806449dfa625d8d8bb8f,5,5,6,0,,composite_assembly,zhhz.exhibit,展品,展品,confirmed,create_experimental,round4 reviewed group=actor:5FC3995644717AF349FACBB94078F6B3
assembly_signature:9f9c6f36e01a03ea45427b8493baf5ac,1,3d66Group188,ToMigrateAuditRound4,/Game/AVIC_Show/Art/A03_ParkLevel/0713/Geometries/3d66-Editable_mesh-23797109-354.3d66-Editable_mesh-23797109-354,/Script/Engine.Actor,9f9c6f36e01a03ea45427b8493baf5ac,2,2,3,0,,composite_assembly,zhhz.exhibit,展品,展品,confirmed,create_experimental,round4 reviewed group=actor:1E4F09684FD6D1D197752DA06EA34978
assembly_signature:a0535da2ab23a53dfe6726cfc6c5212e,1,Group2136668722,ToMigrateAuditRound4,/Game/AVIC_Show/Art/A03_ParkLevel/0713/Geometries/Archmodels70_020_04.Archmodels70_020_04,/Script/Engine.Actor,a0535da2ab23a53dfe6726cfc6c5212e,7,7,8,0,,composite_assembly,zhhz.exhibit,展品,展品,confirmed,create_experimental,round4 reviewed group=actor:4F1741A54E997C74FDA3D1AAA0C37F89
assembly_signature:a18910ab3f16c958918b2007a7d88f0f,3,Group2136670262 | Group2136670265 | Group2136670263,ToMigrateAuditRound4,/Game/AVIC_Show/Art/A03_ParkLevel/AVIC_0706/Geometries/Rectangle2133396354_2.Rectangle2133396354_2,/Script/Engine.Actor,a18910ab3f16c958918b2007a7d88f0f,3,9,12,0,,composite_assembly,zhhz.exhibit,展品,展品,confirmed,create_experimental,round4 reviewed group=actor:0F0F587E44FD31523590DEA171619EA5
assembly_signature:a201365988308b7ff5fd6077563c7c31,1,Group-16221954-2-550,ToMigrateAuditRound4,/Game/AVIC_Show/Art/A03_ParkLevel/0713/Geometries/Obj3d66-16221954-11-7.Obj3d66-16221954-11-7,/Script/Engine.Actor,a201365988308b7ff5fd6077563c7c31,3,3,4,0,,composite_assembly,zhhz.exhibit,展品,展品,confirmed,create_experimental,round4 reviewed group=actor:9C6FABFD4EBD70BD4BA66AB588D9352C
assembly_signature:a213ccec75488f52eae70e428bf565cc,1,3d66Group012,ToMigrateAuditRound4,/Game/AVIC_Show/Art/A03_ParkLevel/0713/Geometries/3d66diban-057.3d66diban-057,/Script/Engine.Actor,a213ccec75488f52eae70e428bf565cc,3,3,4,0,,composite_assembly,zhhz.exhibit,展品,展品,confirmed,create_experimental,round4 reviewed group=actor:DBBB1C9C40193781713EFC82BE717015
assembly_signature:a35e35feb9beb9520e7218bae610dda3,1,通航综合004,ToMigrateAuditRound4,/Game/AVIC_Show/Art/A03_ParkLevel/0713/Geometries/Text228422308.Text228422308,/Script/Engine.Actor,a35e35feb9beb9520e7218bae610dda3,38,38,41,0,,composite_assembly,zhhz.exhibit,展品,展品,confirmed,create_experimental,round4 reviewed group=actor:3B2A9AA0495A72597A6988A9B54926BD
assembly_signature:a4d86474544cc79ec6878ad9808dbfe6,1,航电/传感器/对抗设备-07,ToMigrateAuditRound4,/Game/AVIC_Show/Art/A03_ParkLevel/0713/Geometries/EaEe253.EaEe253,/Script/Engine.Actor,a4d86474544cc79ec6878ad9808dbfe6,169,169,171,0,,composite_assembly,zhhz.aircraft_model_equipment,航模设备,航模设备,confirmed,create_experimental,round4 reviewed group=actor:4B7AAA6645DB90C34DF7A9A08CC7A7CE
assembly_signature:a556ade7b5f6290eb78f3b886cd6f1fd,1,132-007,ToMigrateAuditRound4,/Game/AVIC_Show/Art/A03_ParkLevel/0713/Geometries/Obj3d66-15586797-55-341.Obj3d66-15586797-55-341,/Script/Engine.Actor,a556ade7b5f6290eb78f3b886cd6f1fd,24,24,29,0,,composite_assembly,zhhz.device_screen,装置屏幕,显示与媒体设备,confirmed,create_experimental,round4 reviewed group=actor:6046861D46103A5929A0B1B991C4E6B9
assembly_signature:a5822694e4cad05e38359a09a2186c4f,1,Group2136670049,ToMigrateAuditRound4,/Game/AVIC_Show/Art/A03_ParkLevel/0713/Geometries/Box2131643341.Box2131643341,/Script/Engine.Actor,a5822694e4cad05e38359a09a2186c4f,3,3,4,0,,composite_assembly,zhhz.exhibit,展品,展品,confirmed,create_experimental,round4 reviewed group=actor:2DA2C299494D2F53864CC0B7C1A13371
assembly_signature:a6b24e99ad69914318889af7b92e50a1,1,Group-402577-651,ToMigrateAuditRound4,/Game/AVIC_Show/Art/A03_ParkLevel/AVIC_0706/Geometries/Obj3d66-402577-10-240.Obj3d66-402577-10-240,/Script/Engine.Actor,a6b24e99ad69914318889af7b92e50a1,118,118,119,0,,composite_assembly,zhhz.exhibit,展品,展品,confirmed,create_experimental,round4 reviewed group=actor:023C8104486DD2615E6ACAB5B01D9187
assembly_signature:a739acdf2654e16990bacae684de1846,1,3d66Group007,ToMigrateAuditRound4,/Game/AVIC_Show/Art/A03_ParkLevel/0713/Geometries/3d66diban-095.3d66diban-095,/Script/Engine.Actor,a739acdf2654e16990bacae684de1846,3,3,4,0,,composite_assembly,zhhz.exhibit,展品,展品,confirmed,create_experimental,round4 reviewed group=actor:BEFD6AC64C9D5FAC02D552873267DB99
assembly_signature:a79d4b02c0a2d0b48c9a81aa48397aef,1,Group2136670050,ToMigrateAuditRound4,/Game/AVIC_Show/Art/A03_ParkLevel/0713/Geometries/Obj3d66-15586797-35-441.Obj3d66-15586797-35-441,/Script/Engine.Actor,a79d4b02c0a2d0b48c9a81aa48397aef,6,6,7,0,,composite_assembly,zhhz.exhibit,展品,展品,confirmed,create_experimental,round4 reviewed group=actor:EA848C094E5086DF96B7D1933AF273DB
assembly_signature:a7e10ff4f21a2ccb2f7bd741166a140e,3,Group2136669739 | Group2136669737 | Group2136669738,ToMigrateAuditRound4,/Game/AVIC_Show/Art/A03_ParkLevel/AVIC_0706/Geometries/Rectangle2133396370_2.Rectangle2133396370_2,/Script/Engine.Actor,a7e10ff4f21a2ccb2f7bd741166a140e,3,9,12,0,,composite_assembly,zhhz.exhibit,展品,展品,confirmed,create_experimental,round4 reviewed group=actor:0658FE7E4841C160EBF3C5A6BC1C3064
assembly_signature:a890640f24f732e6a58d59158fa6860e,1,Group2136670207,ToMigrateAuditRound4,/Game/AVIC_Show/Art/A03_ParkLevel/0713/Geometries/Rectangle2133400511.Rectangle2133400511,/Script/Engine.Actor,a890640f24f732e6a58d59158fa6860e,15,15,16,0,,composite_assembly,zhhz.exhibit,展品,展品,confirmed,create_experimental,round4 reviewed group=actor:8BC79173418743D1736A608A2D623E7A
assembly_signature:a95158df359b40526ee06666af463aff,1,3d66Group189,ToMigrateAuditRound4,/Game/AVIC_Show/Art/A03_ParkLevel/0713/Geometries/3d66-Editable_mesh-23797109-356.3d66-Editable_mesh-23797109-356,/Script/Engine.Actor,a95158df359b40526ee06666af463aff,2,2,3,0,,composite_assembly,zhhz.exhibit,展品,展品,confirmed,create_experimental,round4 reviewed group=actor:9F8DF15B411A950647B398A2526BE99C
assembly_signature:a9fe43d03376a728922cab7f54fb4e54,1,Group2136670010,ToMigrateAuditRound4,/Game/AVIC_Show/Art/A03_ParkLevel/0713/Geometries/Rectangle2133400443.Rectangle2133400443,/Script/Engine.Actor,a9fe43d03376a728922cab7f54fb4e54,5,5,6,0,,composite_assembly,zhhz.exhibit,展品,展品,confirmed,create_experimental,round4 reviewed group=actor:1BBBA1B94A01002A8B4145B4AAD987FC
assembly_signature:aa662077b38ed9a6dc2aaa5774a08f3e,1,Group2136669687,ToMigrateAuditRound4,/Game/AVIC_Show/Art/A03_ParkLevel/0713/Geometries/Obj3d66-15645877-68-525.Obj3d66-15645877-68-525,/Script/Engine.Actor,aa662077b38ed9a6dc2aaa5774a08f3e,3,3,4,0,,composite_assembly,zhhz.exhibit,展品,展品,confirmed,create_experimental,round4 reviewed group=actor:31C97FBE4CBC6CABBC4275834DF3AAFB
assembly_signature:aa75500de200590d4c51d0d05a1f129d,1,Group2136670261,ToMigrateAuditRound4,/Game/AVIC_Show/Art/A03_ParkLevel/AVIC_0706/Geometries/Rectangle2133396355_2.Rectangle2133396355_2,/Script/Engine.Actor,aa75500de200590d4c51d0d05a1f129d,3,3,4,0,,composite_assembly,zhhz.exhibit,展品,展品,confirmed,create_experimental,round4 reviewed group=actor:169F2D404A1C3D97595A4E8EF6C96A87
assembly_signature:aacbef323a6f38da63ef185ef23d5c0f,1,100-013,ToMigrateAuditRound4,/Game/AVIC_Show/Art/A03_ParkLevel/AVIC_0706/Geometries/Rectangle2133396083.Rectangle2133396083,/Script/Engine.Actor,aacbef323a6f38da63ef185ef23d5c0f,2,2,3,0,,composite_assembly,zhhz.exhibit,展品,展品,confirmed,create_experimental,round4 reviewed group=actor:F8AABDD640F1EC4D0A6151B3B6BD8BA0
assembly_signature:abebce10ac8feccdd1aee5e76600ddda,1,3d66Group092,ToMigrateAuditRound4,/Game/AVIC_Show/Art/A03_ParkLevel/0713/Geometries/3d66-Editable_mesh-23797109-162.3d66-Editable_mesh-23797109-162,/Script/Engine.Actor,abebce10ac8feccdd1aee5e76600ddda,2,2,3,0,,composite_assembly,zhhz.exhibit,展品,展品,confirmed,create_experimental,round4 reviewed group=actor:77B091C345E0C85E562E3BADAAF004B8
assembly_signature:ac12fd2fd9288827858ddd0d137f9afe,1,Group-402577-655,ToMigrateAuditRound4,/Game/AVIC_Show/Art/A03_ParkLevel/AVIC_0706/Geometries/Obj3d66-402577-10-244.Obj3d66-402577-10-244,/Script/Engine.Actor,ac12fd2fd9288827858ddd0d137f9afe,118,118,119,0,,composite_assembly,zhhz.exhibit,展品,展品,confirmed,create_experimental,round4 reviewed group=actor:3B9DB3C04EA6DFA0B5E779876CB313A2
assembly_signature:ac62e6cfd8b377be6a505c27f61ea9a3,1,Group2136670141,ToMigrateAuditRound4,/Game/AVIC_Show/Art/A03_ParkLevel/0713/Geometries/Line2144963763.Line2144963763,/Script/Engine.Actor,ac62e6cfd8b377be6a505c27f61ea9a3,2,2,3,0,,composite_assembly,zhhz.exhibit,展品,展品,confirmed,create_experimental,round4 reviewed group=actor:C82E9E2043AF2EC472203CAB88B8E8F6
assembly_signature:acab6a3adc4450d5c67037e9c8c76cf5,1,3X004,ToMigrateAuditRound4,/Game/AVIC_Show/Art/A03_ParkLevel/0713/Geometries/Rectangle2133400550.Rectangle2133400550,/Script/Engine.Actor,acab6a3adc4450d5c67037e9c8c76cf5,3,3,4,0,,composite_assembly,zhhz.exhibit,展品,展品,confirmed,create_experimental,round4 reviewed group=actor:40D6838B471AB0A1D696DB92D8153664
assembly_signature:afb7593a8fa491e0137676d5d8f260a4,1,Group2136670540,ToMigrateAuditRound4,/Game/AVIC_Show/Art/A03_ParkLevel/0713/Geometries/Object10129422.Object10129422,/Script/Engine.Actor,afb7593a8fa491e0137676d5d8f260a4,4,4,7,0,,composite_assembly,zhhz.exhibit,展品,展品,confirmed,create_experimental,round4 reviewed group=actor:54B99C7945141DDF1980C3A36222EA13
assembly_signature:afff21c0ca0d6a4f8070b5e96264780d,1,1_4-036,ToMigrateAuditRound4,/Game/AVIC_Show/Art/A03_ParkLevel/0713/Geometries/Obj3d66-10647471-36-138.Obj3d66-10647471-36-138,/Script/Engine.Actor,afff21c0ca0d6a4f8070b5e96264780d,43,43,50,0,,composite_assembly,zhhz.exhibit,展品,展品,confirmed,create_experimental,round4 reviewed group=actor:DFAE1FB6416D5A002F273A8DB7958325
assembly_signature:b04155743ff262ccfb5cfc52a8776a27,1,Group2136670258,ToMigrateAuditRound4,/Game/AVIC_Show/Art/A03_ParkLevel/AVIC_0706/Geometries/obj_2055.obj_2055,/Script/Engine.Actor,b04155743ff262ccfb5cfc52a8776a27,7,7,8,0,,composite_assembly,zhhz.exhibit,展品,展品,confirmed,create_experimental,round4 reviewed group=actor:FFC9A0BE4C4B4E40A075E9A8DEBEF27D
assembly_signature:b0bcfd57cba465d45323f845cb54a02b,1,Group2136670117,ToMigrateAuditRound4,/Game/AVIC_Show/Art/A03_ParkLevel/AVIC_0706/Geometries/Rectangle2133400506.Rectangle2133400506,/Script/Engine.Actor,b0bcfd57cba465d45323f845cb54a02b,3,3,4,0,,composite_assembly,zhhz.exhibit,展品,展品,confirmed,create_experimental,round4 reviewed group=actor:01C2E6644C79C77557B46FB317814F78
assembly_signature:b0c20fea295e3290900b999258219af0,1,IPEE»uOi_15-14,ToMigrateAuditRound4,/Game/AVIC_Show/Art/A03_ParkLevel/0713/Geometries/O²¶¥2.O²¶¥2,/Script/Engine.Actor,b0c20fea295e3290900b999258219af0,3,3,4,0,,composite_assembly,zhhz.aircraft_model_equipment,航模设备,航模设备,confirmed,create_experimental,round4 reviewed group=actor:E2011E2C4BEAFDFCFABCD5A210B52C0A
assembly_signature:b15dc588f42632a508cba2d8823ddbdc,1,3d66Group013,ToMigrateAuditRound4,/Game/AVIC_Show/Art/A03_ParkLevel/0713/Geometries/3d66diban-053.3d66diban-053,/Script/Engine.Actor,b15dc588f42632a508cba2d8823ddbdc,3,3,5,0,,composite_assembly,zhhz.exhibit,展品,展品,confirmed,create_experimental,round4 reviewed group=actor:3D9F849C4797EE4FC0A6B1B2977830A7
assembly_signature:b1f41eeae6f9e11d5df5a7150134b809,1,3d66Group109,ToMigrateAuditRound4,/Game/AVIC_Show/Art/A03_ParkLevel/0713/Geometries/3d66diban-083.3d66diban-083,/Script/Engine.Actor,b1f41eeae6f9e11d5df5a7150134b809,3,3,4,0,,composite_assembly,zhhz.exhibit,展品,展品,confirmed,create_experimental,round4 reviewed group=actor:F45D1C3A45E159091D1AF0937424A49C
assembly_signature:b38d2f7c463396a93726715d16e8ccaa,1,Group2136669962,ToMigrateAuditRound4,/Game/AVIC_Show/Art/A03_ParkLevel/0713/Geometries/Rectangle2133400419.Rectangle2133400419,/Script/Engine.Actor,b38d2f7c463396a93726715d16e8ccaa,5,5,6,0,,composite_assembly,zhhz.exhibit,展品,展品,confirmed,create_experimental,round4 reviewed group=actor:46D874CC4AEE90912DC478A49C1C02F4
assembly_signature:b3fff0ea690f2dd6ff435bf2b5d9410d,1,Group-8261284-27-314,ToMigrateAuditRound4,/Game/AVIC_Show/Art/A03_ParkLevel/0713/Geometries/Obj3d66-8261284-144-782.Obj3d66-8261284-144-782,/Script/Engine.Actor,b3fff0ea690f2dd6ff435bf2b5d9410d,8,8,9,0,,composite_assembly,zhhz.exhibit,展品,展品,confirmed,create_experimental,round4 reviewed group=actor:81A3FCE04266B8D6A9B3A5BB36C30F09
assembly_signature:b5a957e2df840adc5de53e38552f08f7,2,Group2136669553 | Group2136669551,ToMigrateAuditRound4,/Game/AVIC_Show/Art/A03_ParkLevel/AVIC_0706/Geometries/Rectangle2059404630.Rectangle2059404630,/Script/Engine.Actor,b5a957e2df840adc5de53e38552f08f7,3,6,8,0,,composite_assembly,zhhz.exhibit,展品,展品,confirmed,create_experimental,round4 reviewed group=actor:A24C14B142703B04FCEC54B7DA8E6191
assembly_signature:b8c0679ef38d4249a7f18c8a4687fd6a,1,Group-402577-654,ToMigrateAuditRound4,/Game/AVIC_Show/Art/A03_ParkLevel/AVIC_0706/Geometries/Obj3d66-402577-10-243.Obj3d66-402577-10-243,/Script/Engine.Actor,b8c0679ef38d4249a7f18c8a4687fd6a,118,118,119,0,,composite_assembly,zhhz.exhibit,展品,展品,confirmed,create_experimental,round4 reviewed group=actor:3EB55450421721D28DC92E870A886615
assembly_signature:b9586080045354a7521803982c1758cb,1,GW002,ToMigrateAuditRound4,/Game/AVIC_Show/Art/A03_ParkLevel/0713/Geometries/Object10128936.Object10128936,/Script/Engine.Actor,b9586080045354a7521803982c1758cb,2,2,3,0,,composite_assembly,zhhz.decorative_wall,装饰墙,建筑附属设施,confirmed,create_experimental,round4 reviewed group=actor:855AFDD140EB04419DE999872FE073AB
assembly_signature:b9796ce65a136f2da7ce1044a46a0467,1,人物与装备展示模型-02,ToMigrateAuditRound4,/Game/AVIC_Show/Art/A03_ParkLevel/0713/Geometries/头盔004.头盔004,/Script/Engine.Actor,b9796ce65a136f2da7ce1044a46a0467,88,88,90,0,,composite_assembly,zhhz.exhibit_fixture,展陈装置,展陈装置,confirmed,create_experimental,round4 reviewed group=actor:F91AB2F74CA4A51D96AAE5B62DAAC15F
assembly_signature:ba679c0050b3ec97c74949741291e0f0,1,Group-402577-653,ToMigrateAuditRound4,/Game/AVIC_Show/Art/A03_ParkLevel/AVIC_0706/Geometries/Obj3d66-402577-10-242.Obj3d66-402577-10-242,/Script/Engine.Actor,ba679c0050b3ec97c74949741291e0f0,118,118,119,0,,composite_assembly,zhhz.exhibit,展品,展品,confirmed,create_experimental,round4 reviewed group=actor:B04341E4456685B6D95759ADA336C8DC
assembly_signature:bac5764100e1e3e7e92936667b337f66,1,Group2136670193,ToMigrateAuditRound4,/Game/AVIC_Show/Art/A03_ParkLevel/0713/Geometries/Rectangle2133396181_2.Rectangle2133396181_2,/Script/Engine.Actor,bac5764100e1e3e7e92936667b337f66,10,10,13,0,,composite_assembly,zhhz.exhibit,展品,展品,confirmed,create_experimental,round4 reviewed group=actor:67017420479F705056D96D923E40002B
assembly_signature:baddddece50c14d1bc7ee349e6d79e24,1,Group2136670054,ToMigrateAuditRound4,/Game/AVIC_Show/Art/A03_ParkLevel/0713/Geometries/Obj3d66-15586797-57-151.Obj3d66-15586797-57-151,/Script/Engine.Actor,baddddece50c14d1bc7ee349e6d79e24,6,6,7,0,,composite_assembly,zhhz.exhibit,展品,展品,confirmed,create_experimental,round4 reviewed group=actor:8AF1DD054A893ED1043107A4BFFA901B
assembly_signature:bd4b8958a88ea4b6bbcc7ac1b441e7c2,1,IPEE»uOi_12-11,ToMigrateAuditRound4,/Game/AVIC_Show/Art/A03_ParkLevel/0713/Geometries/O²½C1_4.O²½C1_4,/Script/Engine.Actor,bd4b8958a88ea4b6bbcc7ac1b441e7c2,3,3,4,0,,composite_assembly,zhhz.aircraft_model_equipment,航模设备,航模设备,confirmed,create_experimental,round4 reviewed group=actor:E345DA104E060D9E4BF656A026A6BB0B
assembly_signature:bd803e4deba76f319c477ae47fe692f1,1,座舱/模拟训练系统-06,ToMigrateAuditRound4,/Game/AVIC_Show/Art/A03_ParkLevel/AVIC_0706/Geometries/Arc564.Arc564,/Script/Engine.Actor,bd803e4deba76f319c477ae47fe692f1,28,28,29,0,,composite_assembly,zhhz.aircraft_model_equipment,航模设备,航模设备,confirmed,create_experimental,round4 reviewed group=actor:50E8D55F4B207306DC1F08B0BBB4F5DE
assembly_signature:be078cc436e118fb94f53ea1f70aa818,1,Group2136669686,ToMigrateAuditRound4,/Game/AVIC_Show/Art/A03_ParkLevel/0713/Geometries/Obj3d66-16049182-114-355.Obj3d66-16049182-114-355,/Script/Engine.Actor,be078cc436e118fb94f53ea1f70aa818,130,130,134,0,,composite_assembly,zhhz.exhibit,展品,展品,confirmed,create_experimental,round4 reviewed group=actor:84EC8EF54C07A1C404FE70B33420808B
assembly_signature:be80e4ae6149e14703a4c46c357235bc,1,132-006,ToMigrateAuditRound4,/Game/AVIC_Show/Art/A03_ParkLevel/0713/Geometries/Obj3d66-15586797-57-177.Obj3d66-15586797-57-177,/Script/Engine.Actor,be80e4ae6149e14703a4c46c357235bc,24,24,29,0,,composite_assembly,zhhz.device_screen,装置屏幕,显示与媒体设备,confirmed,create_experimental,round4 reviewed group=actor:60F762CF44CB04EF12680DA9472660E3
assembly_signature:bf4cc28d3b94a26bfa2183fcdacab82a,1,Group2136669721,ToMigrateAuditRound4,/Game/AVIC_Show/Art/A03_ParkLevel/0713/Geometries/Obj3d66-17935187-10-585.Obj3d66-17935187-10-585,/Script/Engine.Actor,bf4cc28d3b94a26bfa2183fcdacab82a,11,11,12,0,,composite_assembly,zhhz.exhibit,展品,展品,confirmed,create_experimental,round4 reviewed group=actor:66D272554BA5A200BEF5A1976DD42CA5
assembly_signature:c04ef17a05949f9c49c8618d522909b8,1,3d66Group197,ToMigrateAuditRound4,/Game/AVIC_Show/Art/A03_ParkLevel/0713/Geometries/3d66-Editable_mesh-23797109-371.3d66-Editable_mesh-23797109-371,/Script/Engine.Actor,c04ef17a05949f9c49c8618d522909b8,2,2,3,0,,composite_assembly,zhhz.exhibit,展品,展品,confirmed,create_experimental,round4 reviewed group=actor:45FF96934BF7BC6A78E43F8A9CF6E346
assembly_signature:c0dfcfc8ab189f548b4d4dbf214e9337,1,3d66Group099,ToMigrateAuditRound4,/Game/AVIC_Show/Art/A03_ParkLevel/0713/Geometries/3d66-Editable_mesh-23797109-175.3d66-Editable_mesh-23797109-175,/Script/Engine.Actor,c0dfcfc8ab189f548b4d4dbf214e9337,2,2,3,0,,composite_assembly,zhhz.exhibit,展品,展品,confirmed,create_experimental,round4 reviewed group=actor:7BD02B3E41DCA4F2F4FC4995AE1C1D3C
assembly_signature:c0f7cdd4826fc800294506e1549072f5,1,Group2136669701,ToMigrateAuditRound4,/Game/AVIC_Show/Art/A03_ParkLevel/0713/Geometries/Obj3d66-16049182-274-157.Obj3d66-16049182-274-157,/Script/Engine.Actor,c0f7cdd4826fc800294506e1549072f5,130,130,134,0,,composite_assembly,zhhz.exhibit,展品,展品,confirmed,create_experimental,round4 reviewed group=actor:284B7584423C02625C64DEBAC150D04B
assembly_signature:c17172b7263dca16e613c5d5ac795a80,1,Group2112605301,ToMigrateAuditRound4,/Game/AVIC_Show/Art/A03_ParkLevel/AVIC_0706/Geometries/obj_772.obj_772,/Script/Engine.Actor,c17172b7263dca16e613c5d5ac795a80,7,7,8,0,,composite_assembly,zhhz.exhibit,展品,展品,confirmed,create_experimental,round4 reviewed group=actor:867C226645E430FAA6D594A5879278CA
assembly_signature:c2187afcb5762e2d1460638d3c65a592,1,Group1906164899,ToMigrateAuditRound4,/Game/AVIC_Show/Art/A03_ParkLevel/0713/Geometries/Rectangle19214951.Rectangle19214951,/Script/Engine.Actor,c2187afcb5762e2d1460638d3c65a592,6,6,7,0,,composite_assembly,zhhz.exhibit,展品,展品,confirmed,create_experimental,round4 reviewed group=actor:9F7F2A8E4B4BD814192D50986C9F0735
assembly_signature:c2a13ec16693e148cf8d6383623bb7e7,1,组2142378693,ToMigrateAuditRound4,/Game/AVIC_Show/Art/A03_ParkLevel/0713/Geometries/Object10128970_2.Object10128970_2,/Script/Engine.Actor,c2a13ec16693e148cf8d6383623bb7e7,2,2,3,0,,composite_assembly,zhhz.exhibit,展品,展品,confirmed,create_experimental,round4 reviewed group=actor:88F9790F4D07287C43D60F8B387110A1
assembly_signature:c34591a05164db39defbd2ed9295e3df,1,GW006,ToMigrateAuditRound4,/Game/AVIC_Show/Art/A03_ParkLevel/0713/Geometries/Object10129347.Object10129347,/Script/Engine.Actor,c34591a05164db39defbd2ed9295e3df,2,2,3,0,,composite_assembly,zhhz.decorative_wall,装饰墙,建筑附属设施,confirmed,create_experimental,round4 reviewed group=actor:AD46243345C0F7B6434866A008DDE085
assembly_signature:c34bddc93d4b61a7a04a03f7cf7dced4,1,Group2136669440,ToMigrateAuditRound4,/Game/AVIC_Show/Art/A03_ParkLevel/0713/Geometries/Shape1622260008.Shape1622260008,/Script/Engine.Actor,c34bddc93d4b61a7a04a03f7cf7dced4,1,1,2,0,,,zhhz.exhibit,展品,展品,confirmed,create_experimental,round4 reviewed group=actor:92047C7D4DD5DE3A8C529A9E758B3150
assembly_signature:c3d772e95ba52931dd45f5f91cf904c8,1,Group2136670259,ToMigrateAuditRound4,/Game/AVIC_Show/Art/A03_ParkLevel/AVIC_0706/Geometries/obj_2059.obj_2059,/Script/Engine.Actor,c3d772e95ba52931dd45f5f91cf904c8,7,7,8,0,,composite_assembly,zhhz.exhibit,展品,展品,confirmed,create_experimental,round4 reviewed group=actor:80D92A2E48C76665A66029A409AE8DBB
assembly_signature:c3fe15d345e6516acf42db4534c4b494,1,Group2136669735,ToMigrateAuditRound4,/Game/AVIC_Show/Art/A03_ParkLevel/AVIC_0706/Geometries/obj_2079.obj_2079,/Script/Engine.Actor,c3fe15d345e6516acf42db4534c4b494,7,7,8,0,,composite_assembly,zhhz.exhibit,展品,展品,confirmed,create_experimental,round4 reviewed group=actor:5DDB9AD24957A7A6D30DF8B13FEEF93F
assembly_signature:c80d67716022cd98bf6eadb86d96afd1,1,Group-7793961-3-807,ToMigrateAuditRound4,/Game/AVIC_Show/Art/A03_ParkLevel/0713/Geometries/Obj3d66-7793961-9-507.Obj3d66-7793961-9-507,/Script/Engine.Actor,c80d67716022cd98bf6eadb86d96afd1,6,6,7,0,,composite_assembly,zhhz.exhibit,展品,展品,confirmed,create_experimental,round4 reviewed group=actor:23ED021D41C7C2AF9B4054AF0A0222CC
assembly_signature:c8668ddda25beb6cb1cab3f4e231819f,1,Group2136669711,ToMigrateAuditRound4,/Game/AVIC_Show/Art/A03_ParkLevel/0713/Geometries/Obj3d66-17935187-10-571.Obj3d66-17935187-10-571,/Script/Engine.Actor,c8668ddda25beb6cb1cab3f4e231819f,11,11,12,0,,composite_assembly,zhhz.exhibit,展品,展品,confirmed,create_experimental,round4 reviewed group=actor:05062AFD4EB45244618AF6BDF356E84C
assembly_signature:ca1d90508e01d8fa7829f4ba25ac4811,1,Group2136669685,ToMigrateAuditRound4,/Game/AVIC_Show/Art/A03_ParkLevel/0713/Geometries/Obj3d66-16049182-114-354.Obj3d66-16049182-114-354,/Script/Engine.Actor,ca1d90508e01d8fa7829f4ba25ac4811,130,130,134,0,,composite_assembly,zhhz.exhibit,展品,展品,confirmed,create_experimental,round4 reviewed group=actor:E31AA4B647867F62F6C6A4964AFCBA22
assembly_signature:ca306f2f99d477faa9e85e3722358eee,1,Group2136669724,ToMigrateAuditRound4,/Game/AVIC_Show/Art/A03_ParkLevel/AVIC_0706/Geometries/obj_2058.obj_2058,/Script/Engine.Actor,ca306f2f99d477faa9e85e3722358eee,7,7,8,0,,composite_assembly,zhhz.exhibit,展品,展品,confirmed,create_experimental,round4 reviewed group=actor:7BFD3CB94B2C6B247E9EB7AE098E384A
assembly_signature:cafa2108b0cf02ea524def77fea151b3,1,Group2136670530,ToMigrateAuditRound4,/Game/AVIC_Show/Art/A03_ParkLevel/0713/Geometries/Shape1622260086.Shape1622260086,/Script/Engine.Actor,cafa2108b0cf02ea524def77fea151b3,2,2,3,0,,composite_assembly,zhhz.exhibit,展品,展品,confirmed,create_experimental,round4 reviewed group=actor:7089C0054BA90154B629CDA8C4DC7DEE
assembly_signature:cb068adcaa5fb21b45d1d7fb7b55bfd4,1,3d66Group104,ToMigrateAuditRound4,/Game/AVIC_Show/Art/A03_ParkLevel/0713/Geometries/3d66diban-020.3d66diban-020,/Script/Engine.Actor,cb068adcaa5fb21b45d1d7fb7b55bfd4,3,3,4,0,,composite_assembly,zhhz.exhibit,展品,展品,confirmed,create_experimental,round4 reviewed group=actor:6A54C1544B453D401AB308B721866057
assembly_signature:cb744d4c0720e4842f415c725afe239b,1,Group2136670371,ToMigrateAuditRound4,/Game/AVIC_Show/Art/A03_ParkLevel/0713/Geometries/Shape1622260078.Shape1622260078,/Script/Engine.Actor,cb744d4c0720e4842f415c725afe239b,2,2,3,0,,composite_assembly,zhhz.exhibit,展品,展品,confirmed,create_experimental,round4 reviewed group=actor:6B26BC024FE6DDA47462CABFBE1849BB
assembly_signature:ccb27a6265a52a5e2161aea1a34bb17b,1,3d66Group191,ToMigrateAuditRound4,/Game/AVIC_Show/Art/A03_ParkLevel/0713/Geometries/3d66-Editable_mesh-23797109-360.3d66-Editable_mesh-23797109-360,/Script/Engine.Actor,ccb27a6265a52a5e2161aea1a34bb17b,2,2,3,0,,composite_assembly,zhhz.exhibit,展品,展品,confirmed,create_experimental,round4 reviewed group=actor:85375A3849627D38EE6EF0B9D1210E16
assembly_signature:cd866c9582e3cd55062f5b5957653219,1,组2142378677,ToMigrateAuditRound4,/Game/AVIC_Show/Art/A03_ParkLevel/0713/Geometries/Cylinder32237290.Cylinder32237290,/Script/Engine.Actor,cd866c9582e3cd55062f5b5957653219,44,44,60,0,,composite_assembly,zhhz.exhibit,展品,展品,confirmed,create_experimental,round4 reviewed group=actor:DB1E5E744A55F7B12D05C4B361CE36A1
assembly_signature:d066ca37874806b5b0790826cd319a2e,1,IPEE»uOdIa_10-10,ToMigrateAuditRound4,/Game/AVIC_Show/Art/A03_ParkLevel/0713/Geometries/I¹I¨-A­Ei19.I¹I¨-A­Ei19,/Script/Engine.Actor,d066ca37874806b5b0790826cd319a2e,1,1,2,0,,,zhhz.aircraft_model_equipment,航模设备,航模设备,confirmed,create_experimental,round4 reviewed group=actor:EF77E7DA44693E762C7B7FB01E4FF11A
assembly_signature:d0a7181833fb1ece617df3beeb5593e7,1,Group2136669316,ToMigrateAuditRound4,/Game/AVIC_Show/Art/A03_ParkLevel/0713/Geometries/Obj3d66-15645877-68-521.Obj3d66-15645877-68-521,/Script/Engine.Actor,d0a7181833fb1ece617df3beeb5593e7,3,3,4,0,,composite_assembly,zhhz.exhibit,展品,展品,confirmed,create_experimental,round4 reviewed group=actor:C42305E94A3310B847641BB8A0BB8F10
assembly_signature:d102e0484fbc0edaa18943f22a531e0d,1,Group-16049182-80-042,ToMigrateAuditRound4,/Game/AVIC_Show/Art/A03_ParkLevel/AVIC_0706/Geometries/Obj3d66-16049182-878-072.Obj3d66-16049182-878-072,/Script/Engine.Actor,d102e0484fbc0edaa18943f22a531e0d,31,31,41,0,,composite_assembly,zhhz.exhibit,展品,展品,confirmed,create_experimental,round4 reviewed group=actor:F4F185054101365EDC4AF5B68AA6F29B
assembly_signature:d15caa580ca52467ed5c36260bd9e718,1,Group2136669785,ToMigrateAuditRound4,/Game/AVIC_Show/Art/A03_ParkLevel/0713/Geometries/Shape1622260046.Shape1622260046,/Script/Engine.Actor,d15caa580ca52467ed5c36260bd9e718,2,2,3,0,,composite_assembly,zhhz.exhibit,展品,展品,confirmed,create_experimental,round4 reviewed group=actor:CB6E03494C11154D0D8CAE8277477E57
assembly_signature:d1beeede090f32815e41318612e317d3,1,1_4-035,ToMigrateAuditRound4,/Game/AVIC_Show/Art/A03_ParkLevel/0713/Geometries/Obj3d66-10647471-31-297.Obj3d66-10647471-31-297,/Script/Engine.Actor,d1beeede090f32815e41318612e317d3,43,43,50,0,,composite_assembly,zhhz.exhibit,展品,展品,confirmed,create_experimental,round4 reviewed group=actor:A5387258491DABA622492E88ABCB34B7
assembly_signature:d2247117f403c4f608d08960bbe50bb7,1,Group2136669581,ToMigrateAuditRound4,/Game/AVIC_Show/Art/A03_ParkLevel/AVIC_0706/Geometries/Box2131642368.Box2131642368,/Script/Engine.Actor,d2247117f403c4f608d08960bbe50bb7,8,8,13,0,,composite_assembly,zhhz.exhibit,展品,展品,confirmed,create_experimental,round4 reviewed group=actor:50105CAD4B0462CA6FCCA4B619F3608A
assembly_signature:d2b06f377780388ece13768dde59987d,1,Group2136669727,ToMigrateAuditRound4,/Game/AVIC_Show/Art/A03_ParkLevel/0713/Geometries/Object10128966_2.Object10128966_2,/Script/Engine.Actor,d2b06f377780388ece13768dde59987d,7,7,11,0,,composite_assembly,zhhz.exhibit,展品,展品,confirmed,create_experimental,round4 reviewed group=actor:79C2287F469E8EEF6DD075906EA6FEE7
assembly_signature:d2d6c3b6a5b6cc0e3132b6c7d0d4f0c4,1,132-009,ToMigrateAuditRound4,/Game/AVIC_Show/Art/A03_ParkLevel/0713/Geometries/Obj3d66-15586797-58-528.Obj3d66-15586797-58-528,/Script/Engine.Actor,d2d6c3b6a5b6cc0e3132b6c7d0d4f0c4,24,24,29,0,,composite_assembly,zhhz.device_screen,装置屏幕,显示与媒体设备,confirmed,create_experimental,round4 reviewed group=actor:7EF1D99343718F925740849A43BE7E0D
assembly_signature:d2ed1e75b4242c995277bb47bb4385b8,1,Group-8261284-28-456,ToMigrateAuditRound4,/Game/AVIC_Show/Art/A03_ParkLevel/0713/Geometries/Obj3d66-8261284-156-874.Obj3d66-8261284-156-874,/Script/Engine.Actor,d2ed1e75b4242c995277bb47bb4385b8,3,3,4,0,,composite_assembly,zhhz.exhibit,展品,展品,confirmed,create_experimental,round4 reviewed group=actor:A7B28635424027EFC55F71BC94677A0C
assembly_signature:d33e6d453a1a8a7974ac926ba2476e5b,1,Group2136670558,ToMigrateAuditRound4,/Game/AVIC_Show/Art/A03_ParkLevel/0713/Geometries/Shape1622260090.Shape1622260090,/Script/Engine.Actor,d33e6d453a1a8a7974ac926ba2476e5b,2,2,3,0,,composite_assembly,zhhz.exhibit,展品,展品,confirmed,create_experimental,round4 reviewed group=actor:B22F9BB04A3648FA8E82BB9E5B9A5B1E
assembly_signature:d3e25d863f1140f638e92a2eb2572f6f,1,132-011,ToMigrateAuditRound4,/Game/AVIC_Show/Art/A03_ParkLevel/0713/Geometries/Obj3d66-15586797-55-358.Obj3d66-15586797-55-358,/Script/Engine.Actor,d3e25d863f1140f638e92a2eb2572f6f,24,24,29,0,,composite_assembly,zhhz.device_screen,装置屏幕,显示与媒体设备,confirmed,create_experimental,round4 reviewed group=actor:BB23F1D8487B32DE1064689C93C942B4
assembly_signature:d41d8cd98f00b204e9800998ecf8427e,2,Group2136669597 | 3d66Group249,ToMigrateAuditRound4,,/Script/Engine.Actor,d41d8cd98f00b204e9800998ecf8427e,0,0,2,0,,,zhhz.exhibit,展品,展品,excluded_empty_actor,skip,"excluded after UE preview audit: empty parent Actor, no render parts"
assembly_signature:d42eb0861f828e6c6913552732f41e72,1,3d66Group194,ToMigrateAuditRound4,/Game/AVIC_Show/Art/A03_ParkLevel/0713/Geometries/3d66-Editable_mesh-23797109-365.3d66-Editable_mesh-23797109-365,/Script/Engine.Actor,d42eb0861f828e6c6913552732f41e72,2,2,3,0,,composite_assembly,zhhz.exhibit,展品,展品,confirmed,create_experimental,round4 reviewed group=actor:BA7089A0434A77FB2FC800A7B0FDEEF4
assembly_signature:d48500e1237f2ea2aa0ff2fb635692b3,1,F2-West_Top,ToMigrateAuditRound4,/Game/AVIC_Show/Art/A03_ParkLevel/0713/Geometries/Rectangle2133396164.Rectangle2133396164,/Script/Engine.Actor,d48500e1237f2ea2aa0ff2fb635692b3,1,1,2,0,,,zhhz.exhibit,展品,展品,confirmed,create_experimental,round4 reviewed group=actor:7DE8F6A046F94F207E7D49B84E4E84C8
assembly_signature:d486e091788b7ccb9abb602b6ca177c2,1,Group2136669317,ToMigrateAuditRound4,/Game/AVIC_Show/Art/A03_ParkLevel/0713/Geometries/Obj3d66-15645877-70-723.Obj3d66-15645877-70-723,/Script/Engine.Actor,d486e091788b7ccb9abb602b6ca177c2,1,1,2,0,,,zhhz.exhibit,展品,展品,confirmed,create_experimental,round4 reviewed group=actor:CE5E2EBA479273A19F1886911F70F0B3
assembly_signature:d60f14c836fbace54d21ef086ccce62c,1,Group2136670484,ToMigrateAuditRound4,/Game/AVIC_Show/Art/A03_ParkLevel/0713/Geometries/Box2131643700.Box2131643700,/Script/Engine.Actor,d60f14c836fbace54d21ef086ccce62c,3,3,4,0,,composite_assembly,zhhz.exhibit,展品,展品,confirmed,create_experimental,round4 reviewed group=actor:8F245BD34A4DDDDA85FE9580BA498AA8
assembly_signature:d6dd828b9beaa0dd85fbd6376bf9365e,1,100-031,ToMigrateAuditRound4,/Game/AVIC_Show/Art/A03_ParkLevel/0713/Geometries/Rectangle2133397494.Rectangle2133397494,/Script/Engine.Actor,d6dd828b9beaa0dd85fbd6376bf9365e,2,2,3,0,,composite_assembly,zhhz.device_screen,装置屏幕,显示与媒体设备,confirmed,create_experimental,round4 reviewed group=actor:0631131D4C60E8A8D63E53A566FD923E
assembly_signature:d703f187da4a36e967407b90f082fd52,1,3d66Group009,ToMigrateAuditRound4,/Game/AVIC_Show/Art/A03_ParkLevel/0713/Geometries/3d66diban-058.3d66diban-058,/Script/Engine.Actor,d703f187da4a36e967407b90f082fd52,3,3,4,0,,composite_assembly,zhhz.exhibit,展品,展品,confirmed,create_experimental,round4 reviewed group=actor:F9EB411F4292DD7F32DF67AD8E2B6DDD
assembly_signature:d8397e0f9e4e163bf36b50cea0d07925,1,Group2136669888,ToMigrateAuditRound4,/Game/AVIC_Show/Art/A03_ParkLevel/0713/Geometries/Cylinder32237375.Cylinder32237375,/Script/Engine.Actor,d8397e0f9e4e163bf36b50cea0d07925,14,14,15,0,,composite_assembly,zhhz.exhibit,展品,展品,confirmed,create_experimental,round4 reviewed group=actor:6A0C49B242B2A141DC8EB7A59E029132
assembly_signature:d8731ca673de2455af2c2eecb07b5a19,1,Group-8261284-27-315,ToMigrateAuditRound4,/Game/AVIC_Show/Art/A03_ParkLevel/0713/Geometries/Obj3d66-8261284-144-783.Obj3d66-8261284-144-783,/Script/Engine.Actor,d8731ca673de2455af2c2eecb07b5a19,8,8,9,0,,composite_assembly,zhhz.exhibit,展品,展品,confirmed,create_experimental,round4 reviewed group=actor:BE10D4C7430676116390E8B9763FE513
assembly_signature:d8cff7f6b5d3b901e28410fd643c9a3f,1,Group2136669698,ToMigrateAuditRound4,/Game/AVIC_Show/Art/A03_ParkLevel/0713/Geometries/Obj3d66-15645877-72-456.Obj3d66-15645877-72-456,/Script/Engine.Actor,d8cff7f6b5d3b901e28410fd643c9a3f,1,1,2,0,,,zhhz.exhibit,展品,展品,confirmed,create_experimental,round4 reviewed group=actor:523684E547E9B13DB9BE0CB11BD72E8E
assembly_signature:d8d3860a7f0d616a3ee2149d0c998ad3,1,航电/传感器/对抗设备-08,ToMigrateAuditRound4,/Game/AVIC_Show/Art/A03_ParkLevel/0713/Geometries/Line2144961812.Line2144961812,/Script/Engine.Actor,d8d3860a7f0d616a3ee2149d0c998ad3,2,2,3,0,,composite_assembly,zhhz.aircraft_model_equipment,航模设备,航模设备,confirmed,create_experimental,round4 reviewed group=actor:63581AC44363C7B88E56A799C89557C0
assembly_signature:d8e3722316bde37941ab1c0ecd23ee24,1,3d66Group008,ToMigrateAuditRound4,/Game/AVIC_Show/Art/A03_ParkLevel/0713/Geometries/3d66diban-103.3d66diban-103,/Script/Engine.Actor,d8e3722316bde37941ab1c0ecd23ee24,3,3,4,0,,composite_assembly,zhhz.exhibit,展品,展品,confirmed,create_experimental,round4 reviewed group=actor:B8A641BE4B53C59B689B909D288BA2BA
assembly_signature:d8e9cda53c5a1664a6c29df4ce09bce8,1,Group2136670027,ToMigrateAuditRound4,/Game/AVIC_Show/Art/A03_ParkLevel/0713/Geometries/Cone270.Cone270,/Script/Engine.Actor,d8e9cda53c5a1664a6c29df4ce09bce8,4,4,5,0,,composite_assembly,zhhz.exhibit,展品,展品,confirmed,create_experimental,round4 reviewed group=actor:7015D290412BDCF7172D81A1B010764D
assembly_signature:d95a09f1a045606a0819c318bed8e051,1,Ax´iO»±EO»_5-06,ToMigrateAuditRound4,/Game/AVIC_Show/Art/A03_ParkLevel/0713/Geometries/NONE_SAFE_5.NONE_SAFE_5,/Script/Engine.Actor,d95a09f1a045606a0819c318bed8e051,3,3,4,0,,composite_assembly,zhhz.aircraft_model_equipment,航模设备,航模设备,confirmed,create_experimental,round4 reviewed group=actor:635F3EB44582FE1D7DD8CAAB6053931D
assembly_signature:da6216383285fe0f06f39cb2074ab474,1,3d66Group100,ToMigrateAuditRound4,/Game/AVIC_Show/Art/A03_ParkLevel/0713/Geometries/3d66-Editable_mesh-23797109-177.3d66-Editable_mesh-23797109-177,/Script/Engine.Actor,da6216383285fe0f06f39cb2074ab474,2,2,3,0,,composite_assembly,zhhz.exhibit,展品,展品,confirmed,create_experimental,round4 reviewed group=actor:E22DB884433FE057DD28B3A6742D8324
assembly_signature:dc5401ebb857e68f6332132b8024ad30,1,组2142378660,ToMigrateAuditRound4,/Game/AVIC_Show/Art/A03_ParkLevel/0713/Geometries/Rectangle2133397462.Rectangle2133397462,/Script/Engine.Actor,dc5401ebb857e68f6332132b8024ad30,15,15,17,0,,composite_assembly,zhhz.exhibit,展品,展品,confirmed,create_experimental,round4 reviewed group=actor:E6900D084595D854210F8D834762E748
assembly_signature:dc9721dea32297ea951cf77a35c0a6f8,1,Group2136669707,ToMigrateAuditRound4,/Game/AVIC_Show/Art/A03_ParkLevel/0713/Geometries/Shape1622260020.Shape1622260020,/Script/Engine.Actor,dc9721dea32297ea951cf77a35c0a6f8,2,2,3,0,,composite_assembly,zhhz.exhibit,展品,展品,confirmed,create_experimental,round4 reviewed group=actor:CA88761D432594A032D1318CB9DD102C
assembly_signature:ddd758622d7a985a113dc3bee6130c2a,1,3d66Group098,ToMigrateAuditRound4,/Game/AVIC_Show/Art/A03_ParkLevel/0713/Geometries/3d66-Editable_mesh-23797109-173.3d66-Editable_mesh-23797109-173,/Script/Engine.Actor,ddd758622d7a985a113dc3bee6130c2a,2,2,3,0,,composite_assembly,zhhz.exhibit,展品,展品,confirmed,create_experimental,round4 reviewed group=actor:7C08F7754AC469236B38CCA24ED09AFD
assembly_signature:de59a65dd63984e5aa5d9ad41112a40f,1,Group2136669699,ToMigrateAuditRound4,/Game/AVIC_Show/Art/A03_ParkLevel/0713/Geometries/Obj3d66-16049182-114-361.Obj3d66-16049182-114-361,/Script/Engine.Actor,de59a65dd63984e5aa5d9ad41112a40f,130,130,134,0,,composite_assembly,zhhz.exhibit,展品,展品,confirmed,create_experimental,round4 reviewed group=actor:AD8ECB4E4B6E5D7E72C25E86DA43F9E8
assembly_signature:de7a4e63d05da265d1a7810ab42b4191,1,Group2112605507,ToMigrateAuditRound4,/Game/AVIC_Show/Art/A03_ParkLevel/0713/Geometries/Obj3d66-628807-19-709.Obj3d66-628807-19-709,/Script/Engine.Actor,de7a4e63d05da265d1a7810ab42b4191,3,3,4,0,,composite_assembly,zhhz.exhibit,展品,展品,confirmed,create_experimental,round4 reviewed group=actor:C55C20FC4FE8D91E566473AA775ACB80
assembly_signature:e0ee148d69ac37b5d44dd45413a5379c,1,100-029,ToMigrateAuditRound4,/Game/AVIC_Show/Art/A03_ParkLevel/0713/Geometries/Rectangle2133396231.Rectangle2133396231,/Script/Engine.Actor,e0ee148d69ac37b5d44dd45413a5379c,2,2,3,0,,composite_assembly,zhhz.device_screen,装置屏幕,显示与媒体设备,confirmed,create_experimental,round4 reviewed group=actor:056AC28042C0186D67F9F78D214BEF60
assembly_signature:e10c7b9267563d193bc7e1a9c167a674,1,Group2136669582,ToMigrateAuditRound4,/Game/AVIC_Show/Art/A03_ParkLevel/AVIC_0706/Geometries/Obj3d66-801037-14-913.Obj3d66-801037-14-913,/Script/Engine.Actor,e10c7b9267563d193bc7e1a9c167a674,16,16,18,0,,composite_assembly,zhhz.exhibit,展品,展品,confirmed,create_experimental,round4 reviewed group=actor:F60423294C2E4AE8375A4499AF1F3371
assembly_signature:e235ae49306a946c321c386ae13a0306,1,Group2136670274,ToMigrateAuditRound4,/Game/AVIC_Show/Art/A03_ParkLevel/0713/Geometries/Shape1622260069.Shape1622260069,/Script/Engine.Actor,e235ae49306a946c321c386ae13a0306,9,9,10,0,,composite_assembly,zhhz.exhibit,展品,展品,confirmed,create_experimental,round4 reviewed group=actor:62549BB24A5C0A18ECCF18ADD5C11ABC
assembly_signature:e2bd7d0ef7ebd8650e8e84c941431f98,1,Group2136669882,ToMigrateAuditRound4,/Game/AVIC_Show/Art/A03_ParkLevel/0713/Geometries/Obj3d66-17935187-8-703.Obj3d66-17935187-8-703,/Script/Engine.Actor,e2bd7d0ef7ebd8650e8e84c941431f98,7,7,8,0,,composite_assembly,zhhz.exhibit,展品,展品,confirmed,create_experimental,round4 reviewed group=actor:655743CF47F893AC76694186FAA98471
assembly_signature:e3323ae0ffc3e2e943c5e57a6f169820,1,3d66Group096,ToMigrateAuditRound4,/Game/AVIC_Show/Art/A03_ParkLevel/0713/Geometries/3d66-Editable_mesh-23797109-170.3d66-Editable_mesh-23797109-170,/Script/Engine.Actor,e3323ae0ffc3e2e943c5e57a6f169820,2,2,3,0,,composite_assembly,zhhz.exhibit,展品,展品,confirmed,create_experimental,round4 reviewed group=actor:FF78A51E4FA97E9A13D2A6AD3519F75B
assembly_signature:e49b403d6d650ac3d4c4ea6897964f69,1,天盾A-01,ToMigrateAuditRound4,/Game/AVIC_Show/Art/A03_ParkLevel/0713/Geometries/Object10128968_2.Object10128968_2,/Script/Engine.Actor,e49b403d6d650ac3d4c4ea6897964f69,2,2,4,0,,composite_assembly,zhhz.aircraft_model_equipment,航模设备,航模设备,confirmed,create_experimental,round4 reviewed group=actor:6CC320554BAF3E64C3F4D8AD6ABB4E32
assembly_signature:e4b7188081f42e2f1dabb7b6d49df251,1,Group1906164826,ToMigrateAuditRound4,/Game/AVIC_Show/Art/A03_ParkLevel/0713/Geometries/Rectangle19214978.Rectangle19214978,/Script/Engine.Actor,e4b7188081f42e2f1dabb7b6d49df251,7,7,9,0,,composite_assembly,zhhz.exhibit,展品,展品,confirmed,create_experimental,round4 reviewed group=actor:BB105E9346A3CEFF012F35A06295B74E
assembly_signature:e68b35c7e4b926ebbf627db12874a1b5,1,Group-16049182-80-041,ToMigrateAuditRound4,/Game/AVIC_Show/Art/A03_ParkLevel/AVIC_0706/Geometries/Obj3d66-16049182-879-449.Obj3d66-16049182-879-449,/Script/Engine.Actor,e68b35c7e4b926ebbf627db12874a1b5,31,31,41,0,,composite_assembly,zhhz.exhibit,展品,展品,confirmed,create_experimental,round4 reviewed group=actor:F611DDF44B7EA0578264A6BBA68304BF
assembly_signature:e6b6308943139c35af3a197cce786496,1,132-010,ToMigrateAuditRound4,/Game/AVIC_Show/Art/A03_ParkLevel/0713/Geometries/Obj3d66-15586797-59-043.Obj3d66-15586797-59-043,/Script/Engine.Actor,e6b6308943139c35af3a197cce786496,24,24,29,0,,composite_assembly,zhhz.device_screen,装置屏幕,显示与媒体设备,confirmed,create_experimental,round4 reviewed group=actor:4DC4DBA84391FE15893301B8A93D7CDC
assembly_signature:e6d8fd3989bd9e2e98944e2cc7be094e,1,Group2136669862,ToMigrateAuditRound4,/Game/AVIC_Show/Art/A03_ParkLevel/0713/Geometries/Rectangle2133396230.Rectangle2133396230,/Script/Engine.Actor,e6d8fd3989bd9e2e98944e2cc7be094e,2,2,3,0,,composite_assembly,zhhz.exhibit,展品,展品,confirmed,create_experimental,round4 reviewed group=actor:F1839B1641B3A4330D35B1B844AC565D
assembly_signature:e80d2fd9f3b233da8847e1c1f0594b7f,1,Group2136670525,ToMigrateAuditRound4,/Game/AVIC_Show/Art/A03_ParkLevel/0713/Geometries/Rectangle2133400418.Rectangle2133400418,/Script/Engine.Actor,e80d2fd9f3b233da8847e1c1f0594b7f,5,5,7,0,,composite_assembly,zhhz.exhibit,展品,展品,confirmed,create_experimental,round4 reviewed group=actor:A95F240F4077A1BEB0B07D989B2FB9A0
assembly_signature:e80e65db98e46c5e82e356ac01bfd41b,1,3d66Group190,ToMigrateAuditRound4,/Game/AVIC_Show/Art/A03_ParkLevel/0713/Geometries/3d66-Editable_mesh-23797109-358.3d66-Editable_mesh-23797109-358,/Script/Engine.Actor,e80e65db98e46c5e82e356ac01bfd41b,2,2,3,0,,composite_assembly,zhhz.exhibit,展品,展品,confirmed,create_experimental,round4 reviewed group=actor:70A68870424D81F3BE1DCE9E5E161B40
assembly_signature:e901b7b294fb2d06892228d7174208c4,1,3d66Group101,ToMigrateAuditRound4,/Game/AVIC_Show/Art/A03_ParkLevel/0713/Geometries/3d66-Editable_mesh-23797109-180.3d66-Editable_mesh-23797109-180,/Script/Engine.Actor,e901b7b294fb2d06892228d7174208c4,2,2,3,0,,composite_assembly,zhhz.exhibit,展品,展品,confirmed,create_experimental,round4 reviewed group=actor:349533D545FFF833F7B23DB4A222F0D6
assembly_signature:e95fa98ece05b3214fb01a5a56b5cea0,1,3d66Group093,ToMigrateAuditRound4,/Game/AVIC_Show/Art/A03_ParkLevel/0713/Geometries/3d66-Editable_mesh-23797109-163.3d66-Editable_mesh-23797109-163,/Script/Engine.Actor,e95fa98ece05b3214fb01a5a56b5cea0,2,2,3,0,,composite_assembly,zhhz.exhibit,展品,展品,confirmed,create_experimental,round4 reviewed group=actor:FA368DDE40F86046626C2E9189ED7B1D
assembly_signature:e991520ea87be2297df4bf0e47155786,1,Group2136669320,ToMigrateAuditRound4,/Game/AVIC_Show/Art/A03_ParkLevel/0713/Geometries/Obj3d66-16049182-114-351.Obj3d66-16049182-114-351,/Script/Engine.Actor,e991520ea87be2297df4bf0e47155786,130,130,134,0,,composite_assembly,zhhz.exhibit,展品,展品,confirmed,create_experimental,round4 reviewed group=actor:0963B7894B7E31DD15A74F94FC5B26C7
assembly_signature:e9a64a1babefe4427aed73d90ae1a0ae,1,Group2136669463,ToMigrateAuditRound4,/Game/AVIC_Show/Art/A03_ParkLevel/0713/Geometries/Obj3d66-8261284-200-158.Obj3d66-8261284-200-158,/Script/Engine.Actor,e9a64a1babefe4427aed73d90ae1a0ae,29,29,34,0,,composite_assembly,zhhz.exhibit,展品,展品,confirmed,create_experimental,round4 reviewed group=actor:5621499541D27414C6AE908BB770685E
assembly_signature:e9be3098864b98f50fd10487118cb90a,1,Group2136669700,ToMigrateAuditRound4,/Game/AVIC_Show/Art/A03_ParkLevel/0713/Geometries/Obj3d66-16049182-114-362.Obj3d66-16049182-114-362,/Script/Engine.Actor,e9be3098864b98f50fd10487118cb90a,130,130,134,0,,composite_assembly,zhhz.exhibit,展品,展品,confirmed,create_experimental,round4 reviewed group=actor:978BE2544B69F18DE9190385432671AA
assembly_signature:eb236d3282ae4f8bcbf67b201dc4b5cc,1,Group2112605178,ToMigrateAuditRound4,/Game/AVIC_Show/Art/A03_ParkLevel/0713/Geometries/Rectangle2059404546.Rectangle2059404546,/Script/Engine.Actor,eb236d3282ae4f8bcbf67b201dc4b5cc,3,3,4,0,,composite_assembly,zhhz.exhibit,展品,展品,confirmed,create_experimental,round4 reviewed group=actor:1C5310084C0AC6AC6C495DA591CF6D5A
assembly_signature:eb54cab83aef23f7d3d06289628a0c36,1,Group2136669884,ToMigrateAuditRound4,/Game/AVIC_Show/Art/A03_ParkLevel/0713/Geometries/Obj3d66-17935187-12-628.Obj3d66-17935187-12-628,/Script/Engine.Actor,eb54cab83aef23f7d3d06289628a0c36,8,8,9,0,,composite_assembly,zhhz.exhibit,展品,展品,confirmed,create_experimental,round4 reviewed group=actor:2A7AEC4A4F6D88D31D2795B52159F993
assembly_signature:eb5f3435f105fb2a241cd0a351dc12db,1,132-008,ToMigrateAuditRound4,/Game/AVIC_Show/Art/A03_ParkLevel/0713/Geometries/Obj3d66-15586797-56-619.Obj3d66-15586797-56-619,/Script/Engine.Actor,eb5f3435f105fb2a241cd0a351dc12db,24,24,29,0,,composite_assembly,zhhz.device_screen,装置屏幕,显示与媒体设备,confirmed,create_experimental,round4 reviewed group=actor:C89BC57D4EEE69C9B8CDBD80A7AE9CA4
assembly_signature:ece7d766c04e35949d9b938095eaef80,1,132-004,ToMigrateAuditRound4,/Game/AVIC_Show/Art/A03_ParkLevel/0713/Geometries/Obj3d66-15586797-54-117.Obj3d66-15586797-54-117,/Script/Engine.Actor,ece7d766c04e35949d9b938095eaef80,24,24,29,0,,composite_assembly,zhhz.device_screen,装置屏幕,显示与媒体设备,confirmed,create_experimental,round4 reviewed group=actor:ADAA7C454B755C34C84EFB80A2B34574
assembly_signature:ee3c6e3b06f69ff5a9fd07a4799ad976,1,组2142378631,ToMigrateAuditRound4,/Game/AVIC_Show/Art/A03_ParkLevel/0713/Geometries/Object10128932.Object10128932,/Script/Engine.Actor,ee3c6e3b06f69ff5a9fd07a4799ad976,2,2,3,0,,composite_assembly,zhhz.exhibit,展品,展品,confirmed,create_experimental,round4 reviewed group=actor:42FA97384B554954461304BC48468F67
assembly_signature:ef4a723fa80d453456db91fa181cf77a,1,Group2136670030,ToMigrateAuditRound4,/Game/AVIC_Show/Art/A03_ParkLevel/0713/Geometries/Obj3d66-16297785-48-308.Obj3d66-16297785-48-308,/Script/Engine.Actor,ef4a723fa80d453456db91fa181cf77a,8,8,9,0,,composite_assembly,zhhz.exhibit,展品,展品,confirmed,create_experimental,round4 reviewed group=actor:A86C23D24E11CC2BB04569B6168370D4
assembly_signature:f0ad50ffaf0790206c5ca5c84063c6b1,1,人物与装备展示模型-03,ToMigrateAuditRound4,/Game/AVIC_Show/Art/A03_ParkLevel/0713/Geometries/头盔005.头盔005,/Script/Engine.Actor,f0ad50ffaf0790206c5ca5c84063c6b1,41,41,42,0,,composite_assembly,zhhz.exhibit_fixture,展陈装置,展陈装置,confirmed,create_experimental,round4 reviewed group=actor:0E05B021431115CEA4378DA290D751C1
assembly_signature:f0cdff1789e74022943acba59fd173ba,1,Group-16049182-80-036,ToMigrateAuditRound4,/Game/AVIC_Show/Art/A03_ParkLevel/AVIC_0706/Geometries/Obj3d66-16049182-872-393.Obj3d66-16049182-872-393,/Script/Engine.Actor,f0cdff1789e74022943acba59fd173ba,31,31,41,0,,composite_assembly,zhhz.exhibit,展品,展品,confirmed,create_experimental,round4 reviewed group=actor:355815A547A7C487066647806D1B5488
assembly_signature:f0db04140e8976d86838138723239fcd,1,Group2136670541,ToMigrateAuditRound4,/Game/AVIC_Show/Art/A03_ParkLevel/0713/Geometries/Rectangle2133400836.Rectangle2133400836,/Script/Engine.Actor,f0db04140e8976d86838138723239fcd,5,5,6,0,,composite_assembly,zhhz.exhibit,展品,展品,confirmed,create_experimental,round4 reviewed group=actor:E907EFF64F67F3D08FEC8AA346108501
assembly_signature:f19f5ec525d19c463660ec3e5baa09ea,1,JDZ26A000000-00MX1_021,ToMigrateAuditRound4,/Game/AVIC_Show/Art/A03_ParkLevel/0713/Geometries/EaEe1176.EaEe1176,/Script/Engine.Actor,f19f5ec525d19c463660ec3e5baa09ea,306,306,307,0,,composite_assembly,zhhz.exhibit,展品,展品,confirmed,create_experimental,round4 reviewed group=actor:9FAF9BD443A0C68BCDD026881EA76B46
assembly_signature:f1a29701c154a50d7404884723b92870,1,座舱/模拟训练系统-03,ToMigrateAuditRound4,/Game/AVIC_Show/Art/A03_ParkLevel/AVIC_0706/Geometries/Archmodels70_020_031.Archmodels70_020_031,/Script/Engine.Actor,f1a29701c154a50d7404884723b92870,7,7,8,0,,composite_assembly,zhhz.aircraft_model_equipment,航模设备,航模设备,confirmed,create_experimental,round4 reviewed group=actor:2757A12142CDF3500ED922AF63190FD6
assembly_signature:f267d29bfd2295993ac88bd8ec07be16,1,Group2136670322,ToMigrateAuditRound4,/Game/AVIC_Show/Art/A03_ParkLevel/0713/Geometries/Rectangle2133400675.Rectangle2133400675,/Script/Engine.Actor,f267d29bfd2295993ac88bd8ec07be16,5,5,6,0,,composite_assembly,zhhz.exhibit,展品,展品,confirmed,create_experimental,round4 reviewed group=actor:F22E21F64074B3FA8FAE1A95AF054955
assembly_signature:f279a6816d77f37d1716b717d14a2895,1,Group2136669712,ToMigrateAuditRound4,/Game/AVIC_Show/Art/A03_ParkLevel/0713/Geometries/Cylinder32237316.Cylinder32237316,/Script/Engine.Actor,f279a6816d77f37d1716b717d14a2895,15,15,16,0,,composite_assembly,zhhz.exhibit,展品,展品,confirmed,create_experimental,round4 reviewed group=actor:1C992F5F4206AAD9A5389F87E12E20D5
assembly_signature:f318322a0e3a19139453de57e44e797e,1,1_4-027,ToMigrateAuditRound4,/Game/AVIC_Show/Art/A03_ParkLevel/0713/Geometries/Line2144961848.Line2144961848,/Script/Engine.Actor,f318322a0e3a19139453de57e44e797e,43,43,50,0,,composite_assembly,zhhz.exhibit,展品,展品,confirmed,create_experimental,round4 reviewed group=actor:EAFFC3F74665363A0CD23290270C7A66
assembly_signature:f397d4098d15e2c57785cca1cde504ec,1,Group2136669885,ToMigrateAuditRound4,/Game/AVIC_Show/Art/A03_ParkLevel/0713/Geometries/Obj3d66-17935187-2-784.Obj3d66-17935187-2-784,/Script/Engine.Actor,f397d4098d15e2c57785cca1cde504ec,8,8,9,0,,composite_assembly,zhhz.exhibit,展品,展品,confirmed,create_experimental,round4 reviewed group=actor:78FC84434DB33E70BD49839105065B8D
assembly_signature:f490ff32f6c5497bdc5e5ea29023dc87,1,1_4-031,ToMigrateAuditRound4,/Game/AVIC_Show/Art/A03_ParkLevel/0713/Geometries/Obj3d66-10647471-21-242.Obj3d66-10647471-21-242,/Script/Engine.Actor,f490ff32f6c5497bdc5e5ea29023dc87,43,43,50,0,,composite_assembly,zhhz.exhibit,展品,展品,confirmed,create_experimental,round4 reviewed group=actor:F340EBFC4CF1F58EF525EBADC730CAB3
assembly_signature:f491b28625e51f5a6c4914362e1a9e0a,1,GW008,ToMigrateAuditRound4,/Game/AVIC_Show/Art/A03_ParkLevel/0713/Geometries/Plane1242.Plane1242,/Script/Engine.Actor,f491b28625e51f5a6c4914362e1a9e0a,2,2,3,0,,composite_assembly,zhhz.decorative_wall,装饰墙,建筑附属设施,confirmed,create_experimental,round4 reviewed group=actor:8F45E1684F6208E6F85233B0A0E2FCFF
assembly_signature:f4e444fbfc516f5c2bea47a0d286ece5,1,1_4-034,ToMigrateAuditRound4,/Game/AVIC_Show/Art/A03_ParkLevel/0713/Geometries/Line2144964059.Line2144964059,/Script/Engine.Actor,f4e444fbfc516f5c2bea47a0d286ece5,43,43,50,0,,composite_assembly,zhhz.exhibit,展品,展品,confirmed,create_experimental,round4 reviewed group=actor:75DAD9AF459B7460040053AD4CD8CBA5
assembly_signature:f5b92a41805e93a24e4882d48cac5940,1,航电/传感器/对抗设备-03,ToMigrateAuditRound4,/Game/AVIC_Show/Art/A03_ParkLevel/0713/Geometries/Line2144961810.Line2144961810,/Script/Engine.Actor,f5b92a41805e93a24e4882d48cac5940,2,2,3,0,,composite_assembly,zhhz.aircraft_model_equipment,航模设备,航模设备,confirmed,create_experimental,round4 reviewed group=actor:445AB17D4EB71CD0BECF2FA218063BAC
assembly_signature:f5e807a85c76cd202b1d419c2810f158,1,Group2112604969,ToMigrateAuditRound4,/Game/AVIC_Show/Art/A03_ParkLevel/0713/Geometries/Rectangle2059404356.Rectangle2059404356,/Script/Engine.Actor,f5e807a85c76cd202b1d419c2810f158,3,3,4,0,,composite_assembly,zhhz.exhibit,展品,展品,confirmed,create_experimental,round4 reviewed group=actor:82A36D3E4DD5E031D720D1B03B586271
assembly_signature:f76321bcf9dda2b657d42d04bfcc4e91,2,Group2136669734 | Group2136669736,ToMigrateAuditRound4,/Game/AVIC_Show/Art/A03_ParkLevel/AVIC_0706/Geometries/obj_2077.obj_2077,/Script/Engine.Actor,f76321bcf9dda2b657d42d04bfcc4e91,7,14,16,0,,composite_assembly,zhhz.exhibit,展品,展品,confirmed,create_experimental,round4 reviewed group=actor:632955614C5F9C38154D97953E50A90C
assembly_signature:f82161dad8d9d0532999684ca9657773,1,IPEE»uOi_14-13,ToMigrateAuditRound4,/Game/AVIC_Show/Art/A03_ParkLevel/0713/Geometries/O²¶¥2_2.O²¶¥2_2,/Script/Engine.Actor,f82161dad8d9d0532999684ca9657773,3,3,4,0,,composite_assembly,zhhz.aircraft_model_equipment,航模设备,航模设备,confirmed,create_experimental,round4 reviewed group=actor:47AE1C6E4F39A3E56E609ABA5DE0481E
assembly_signature:f825c6813398302e169596e2c16a95fd,1,Group2136670497,ToMigrateAuditRound4,/Game/AVIC_Show/Art/A03_ParkLevel/0713/Geometries/Circle198713125.Circle198713125,/Script/Engine.Actor,f825c6813398302e169596e2c16a95fd,2,2,3,0,,composite_assembly,zhhz.exhibit,展品,展品,confirmed,create_experimental,round4 reviewed group=actor:5CE33D294FCE166C2F63D39ABEAC4FD6
assembly_signature:fb8e4a62ccd0c44a99d9185291e57ba5,1,Group2136669552,ToMigrateAuditRound4,/Game/AVIC_Show/Art/A03_ParkLevel/AVIC_0706/Geometries/Rectangle2133396034.Rectangle2133396034,/Script/Engine.Actor,fb8e4a62ccd0c44a99d9185291e57ba5,3,3,4,0,,composite_assembly,zhhz.exhibit,展品,展品,confirmed,create_experimental,round4 reviewed group=actor:8168361A40E42332CD718597D54994CB
assembly_signature:fc77c443a6360f27d1b6a81ec351c3da,1,大二层,ToMigrateAuditRound4,/Game/AVIC_Show/Art/A03_ParkLevel/0713/Geometries/Rectangle2133396380.Rectangle2133396380,/Script/Engine.Actor,fc77c443a6360f27d1b6a81ec351c3da,2,2,3,0,,composite_assembly,zhhz.exhibit,展品,展品,confirmed,create_experimental,round4 reviewed group=actor:C0AABF0C4DB4BFCBC4B13A8855231321
assembly_signature:fcf9e99df7955c34ceea7c7d4065c3ad,1,Group2136670257,ToMigrateAuditRound4,/Game/AVIC_Show/Art/A03_ParkLevel/AVIC_0706/Geometries/Rectangle2133396355_2.Rectangle2133396355_2,/Script/Engine.Actor,fcf9e99df7955c34ceea7c7d4065c3ad,3,3,4,0,,composite_assembly,zhhz.exhibit,展品,展品,confirmed,create_experimental,round4 reviewed group=actor:4C5268034C88562800080B9D59252595
assembly_signature:fd4bab17ed9acca1be46a18e68598d65,1,100-053,ToMigrateAuditRound4,/Game/AVIC_Show/Art/A03_ParkLevel/0713/Geometries/Box2131643777.Box2131643777,/Script/Engine.Actor,fd4bab17ed9acca1be46a18e68598d65,2,2,3,0,,composite_assembly,zhhz.device_screen,装置屏幕,显示与媒体设备,confirmed,create_experimental,round4 reviewed group=actor:773D08494F9D83814885589C8D78C1E1
assembly_signature:fe144d9146113456a100cf3a53990b34,1,Group2136670135,ToMigrateAuditRound4,/Game/AVIC_Show/Art/A03_ParkLevel/0713/Geometries/Obj3d66-784769-1-953.Obj3d66-784769-1-953,/Script/Engine.Actor,fe144d9146113456a100cf3a53990b34,16,16,19,0,,composite_assembly,zhhz.exhibit,展品,展品,confirmed,create_experimental,round4 reviewed group=actor:A6E44D3641A0CC29D8B9BEA658E8E1C9
assembly_signature:fe62c897caf126c5886a0ee7e0afde77,1,Group2136669649,ToMigrateAuditRound4,/Game/AVIC_Show/Art/A03_ParkLevel/0713/Geometries/Text228422011.Text228422011,/Script/Engine.Actor,fe62c897caf126c5886a0ee7e0afde77,13,13,15,0,,composite_assembly,zhhz.exhibit,展品,展品,confirmed,create_experimental,round4 reviewed group=actor:1686C9F240DD84B0CF612D8CACAB443F
assembly_signature:fee49edd1fe97ef87a54a1567cae66fb,1,Group2136669688,ToMigrateAuditRound4,/Game/AVIC_Show/Art/A03_ParkLevel/0713/Geometries/Obj3d66-15645877-70-724.Obj3d66-15645877-70-724,/Script/Engine.Actor,fee49edd1fe97ef87a54a1567cae66fb,1,1,2,0,,,zhhz.exhibit,展品,展品,confirmed,create_experimental,round4 reviewed group=actor:6B29E2A349C548706EA4CDA89267D456
